label,handedness,timestamp,x0,y0,x1,y1,x2,y2,x3,y3,x4,y4,x5,y5,x6,y6,x7,y7,x8,y8,x9,y9,x10,y10,x11,y11,x12,y12,x13,y13,x14,y14,x15,y15,x16,y16,x17,y17,x18,y18,x19,y19,x20,y20
U,Right,legacy_sibi_U_0,0.000000,0.000000,0.283163,-0.201516,0.357362,-0.543984,0.176539,-0.815784,-0.117184,-0.902851,0.244652,-0.983295,0.177363,-1.437202,0.124519,-1.706694,0.073215,-1.942617,0.029562,-0.999563,-0.078128,-1.476262,-0.137488,-1.771585,-0.195231,-2.019838,-0.150329,-0.907950,-0.262617,-1.092853,-0.204372,-0.857268,-0.156923,-0.690833,-0.316551,-0.755629,-0.422055,-0.948728,-0.374779,-0.836398,-0.337227,-0.729119
U,Right,legacy_sibi_U_1,0.000000,0.000000,0.291906,-0.175169,0.448613,-0.527081,0.311593,-0.793567,0.058193,-0.911465,0.334483,-0.988250,0.344018,-1.410587,0.316726,-1.684816,0.289936,-1.920315,0.081248,-0.996694,0.078037,-1.469366,0.070956,-1.796793,0.070602,-2.057136,-0.151277,-0.905449,-0.175452,-1.050986,-0.100354,-0.738700,-0.046953,-0.502952,-0.384493,-0.755927,-0.382435,-0.935769,-0.283845,-0.726261,-0.223334,-0.541104
U,Right,legacy_sibi_U_2,0.000000,0.000000,0.291271,-0.193233,0.423139,-0.530985,0.270862,-0.780284,0.025006,-0.910890,0.301258,-1.002967,0.302328,-1.408174,0.270183,-1.678224,0.235208,-1.907621,0.051366,-0.998680,0.040791,-1.462272,0.030243,-1.787428,0.019516,-2.046337,-0.175424,-0.897504,-0.189285,-1.044942,-0.105475,-0.735296,-0.052900,-0.498282,-0.398049,-0.744073,-0.397711,-0.951305,-0.302606,-0.747856,-0.242792,-0.548332
U,Right,legacy_sibi_U_3,0.000000,0.000000,0.292693,-0.192825,0.425859,-0.534443,0.274323,-0.775545,0.021979,-0.887602,0.293186,-1.001170,0.291771,-1.409962,0.254918,-1.678689,0.215622,-1.907809,0.044357,-0.999016,0.033675,-1.467063,0.020603,-1.789758,0.011003,-2.047183,-0.182492,-0.897942,-0.202424,-1.038873,-0.116105,-0.731307,-0.056927,-0.498027,-0.404907,-0.743183,-0.404390,-0.924397,-0.300741,-0.719224,-0.232454,-0.528002
U,Right,legacy_sibi_U_4,0.000000,0.000000,0.288736,-0.184091,0.434535,-0.528153,0.286199,-0.771230,0.035578,-0.876929,0.291843,-1.000039,0.288904,-1.412746,0.255457,-1.680339,0.217601,-1.907464,0.043906,-0.999036,0.037609,-1.470014,0.026335,-1.788637,0.014871,-2.045041,-0.182544,-0.897654,-0.205330,-1.035972,-0.118089,-0.728963,-0.057495,-0.497940,-0.404593,-0.739916,-0.408228,-0.918632,-0.306733,-0.712593,-0.240059,-0.522988
U,Right,legacy_sibi_U_5,0.000000,0.000000,0.289247,-0.188354,0.436722,-0.533786,0.284341,-0.781802,0.032124,-0.891063,0.293510,-0.999497,0.292871,-1.413106,0.259508,-1.679032,0.221495,-1.905237,0.044653,-0.999003,0.042975,-1.467617,0.033482,-1.784687,0.021957,-2.042349,-0.181029,-0.898686,-0.205017,-1.037755,-0.116268,-0.730522,-0.054996,-0.500521,-0.403157,-0.738472,-0.404078,-0.916957,-0.298993,-0.709009,-0.227799,-0.517426
U,Right,legacy_sibi_U_6,0.000000,0.000000,0.286299,-0.189302,0.422757,-0.534247,0.266968,-0.778603,0.018474,-0.887646,0.288065,-0.999599,0.287996,-1.410557,0.255279,-1.678191,0.216273,-1.904707,0.040512,-0.999179,0.036757,-1.470325,0.027044,-1.786694,0.016073,-2.040748,-0.186388,-0.898508,-0.209541,-1.040313,-0.120941,-0.733672,-0.059847,-0.502786,-0.410246,-0.740424,-0.407837,-0.919909,-0.302592,-0.710700,-0.233642,-0.518880
U,Right,legacy_sibi_U_7,0.000000,0.000000,0.288640,-0.194450,0.422324,-0.537898,0.266567,-0.778988,0.015474,-0.886792,0.289720,-1.002229,0.289602,-1.409371,0.254359,-1.676310,0.212999,-1.902762,0.042331,-0.999104,0.036297,-1.468444,0.024523,-1.785155,0.012324,-2.037093,-0.184921,-0.895700,-0.205450,-1.038931,-0.112826,-0.729541,-0.049973,-0.498151,-0.409323,-0.737049,-0.404017,-0.918409,-0.295279,-0.707444,-0.226030,-0.514915
U,Right,legacy_sibi_U_8,0.000000,0.000000,0.288797,-0.197581,0.421045,-0.540665,0.269182,-0.783292,0.016872,-0.892144,0.289296,-1.002740,0.289238,-1.409463,0.253191,-1.675433,0.211695,-1.901303,0.043287,-0.999063,0.035968,-1.467898,0.023584,-1.785334,0.011261,-2.036883,-0.183180,-0.895744,-0.201379,-1.039848,-0.107699,-0.729958,-0.044794,-0.498172,-0.406925,-0.738847,-0.400527,-0.922463,-0.292044,-0.711108,-0.223674,-0.517332
U,Right,legacy_sibi_U_9,0.000000,0.000000,0.287757,-0.197934,0.420057,-0.542769,0.260377,-0.782091,0.007430,-0.887829,0.284902,-1.002357,0.284008,-1.408206,0.248759,-1.674021,0.208642,-1.899941,0.040832,-0.999166,0.032671,-1.462709,0.021057,-1.777982,0.009066,-2.030183,-0.182491,-0.896116,-0.203582,-1.037358,-0.109957,-0.730833,-0.047414,-0.501895,-0.403874,-0.737463,-0.401425,-0.918385,-0.291664,-0.710067,-0.221144,-0.518387
U,Right,legacy_sibi_U_10,0.000000,0.000000,0.286319,-0.187822,0.429668,-0.532787,0.279374,-0.778775,0.024963,-0.885078,0.287619,-0.999833,0.287958,-1.407155,0.252410,-1.672289,0.211763,-1.898549,0.043869,-0.999037,0.038633,-1.461725,0.027239,-1.774094,0.014197,-2.027667,-0.178750,-0.897944,-0.199635,-1.034149,-0.108482,-0.728844,-0.047122,-0.502462,-0.400201,-0.740036,-0.396502,-0.915074,-0.290714,-0.706039,-0.223015,-0.517121
U,Right,legacy_sibi_U_11,0.000000,0.000000,0.290871,-0.191635,0.429666,-0.539572,0.273688,-0.787073,0.022773,-0.895899,0.290248,-1.003400,0.288224,-1.411397,0.252666,-1.676542,0.213510,-1.902049,0.044676,-0.999002,0.036844,-1.463311,0.025219,-1.777981,0.014127,-2.030362,-0.179160,-0.895951,-0.200062,-1.035678,-0.108298,-0.728875,-0.046200,-0.500121,-0.401544,-0.738617,-0.395417,-0.916407,-0.288939,-0.705442,-0.220992,-0.513957
U,Right,legacy_sibi_U_12,0.000000,0.000000,0.290857,-0.195704,0.422840,-0.544071,0.268145,-0.786901,0.016804,-0.891075,0.287297,-1.004207,0.283395,-1.408232,0.246799,-1.671852,0.207222,-1.896760,0.041907,-0.999122,0.031886,-1.461279,0.019149,-1.777759,0.007082,-2.029531,-0.181977,-0.895802,-0.205150,-1.037206,-0.113011,-0.728450,-0.051171,-0.497005,-0.403634,-0.738110,-0.400016,-0.919447,-0.294442,-0.708045,-0.226340,-0.513843
U,Right,legacy_sibi_U_13,0.000000,0.000000,0.287340,-0.195035,0.417460,-0.540924,0.267088,-0.781060,0.017218,-0.888628,0.279986,-1.006717,0.275755,-1.406271,0.239544,-1.669439,0.201454,-1.894480,0.034127,-0.999418,0.024823,-1.460728,0.011156,-1.777076,-0.000396,-2.028434,-0.189700,-0.894808,-0.213339,-1.037584,-0.119777,-0.725880,-0.054430,-0.491388,-0.410168,-0.736429,-0.406995,-0.914503,-0.300126,-0.697712,-0.230058,-0.501928
U,Right,legacy_sibi_U_14,0.000000,0.000000,0.288687,-0.197950,0.415813,-0.548572,0.253494,-0.788524,-0.001068,-0.890209,0.277288,-1.008049,0.273141,-1.412707,0.236286,-1.678006,0.195079,-1.904039,0.031535,-0.999503,0.019967,-1.464142,0.006540,-1.780080,-0.006302,-2.032335,-0.193073,-0.893417,-0.216145,-1.035373,-0.118698,-0.723269,-0.052499,-0.489610,-0.415401,-0.734280,-0.409522,-0.912543,-0.299986,-0.697431,-0.229978,-0.502197
U,Right,legacy_sibi_U_15,0.000000,0.000000,0.286744,-0.197240,0.416005,-0.544110,0.264579,-0.784146,0.014461,-0.888073,0.276194,-1.009679,0.271260,-1.414446,0.234010,-1.679563,0.193137,-1.904274,0.030139,-0.999546,0.017332,-1.466331,0.002797,-1.782357,-0.009889,-2.032091,-0.194317,-0.891196,-0.215238,-1.038083,-0.120997,-0.728035,-0.057147,-0.496010,-0.415524,-0.729493,-0.413126,-0.914789,-0.304913,-0.701712,-0.235992,-0.507925
U,Right,legacy_sibi_U_16,0.000000,0.000000,0.291057,-0.196575,0.422498,-0.547885,0.260946,-0.788790,0.009238,-0.893819,0.279684,-1.009111,0.275897,-1.417000,0.238637,-1.683952,0.198213,-1.910610,0.033488,-0.999439,0.022675,-1.464586,0.009530,-1.781963,-0.002093,-2.035593,-0.190094,-0.892700,-0.209732,-1.035650,-0.113877,-0.725287,-0.049566,-0.495056,-0.411358,-0.731878,-0.406221,-0.912822,-0.297278,-0.698966,-0.227682,-0.505395
U,Right,legacy_sibi_U_17,0.000000,0.000000,0.288745,-0.196381,0.417343,-0.546079,0.251031,-0.785360,-0.003078,-0.888133,0.276217,-1.009101,0.270891,-1.416499,0.233569,-1.683539,0.193472,-1.911015,0.029377,-0.999568,0.017179,-1.462435,0.002405,-1.779016,-0.010886,-2.033938,-0.193983,-0.893216,-0.218977,-1.036008,-0.125121,-0.727368,-0.061224,-0.496656,-0.415062,-0.732121,-0.413302,-0.912919,-0.306191,-0.700052,-0.236546,-0.506118
U,Right,legacy_sibi_U_18,0.000000,0.000000,0.287681,-0.196184,0.414670,-0.550314,0.244367,-0.787743,-0.009659,-0.887448,0.275193,-1.008520,0.270998,-1.417201,0.233892,-1.685278,0.192305,-1.913108,0.028847,-0.999584,0.018171,-1.463627,0.004510,-1.781504,-0.009304,-2.039031,-0.194524,-0.894046,-0.219384,-1.036300,-0.124380,-0.727561,-0.060428,-0.496722,-0.415868,-0.733168,-0.411761,-0.913672,-0.304259,-0.701323,-0.235271,-0.507370
U,Right,legacy_sibi_U_19,0.000000,0.000000,0.287779,-0.199820,0.416098,-0.552049,0.248266,-0.790450,-0.006698,-0.889082,0.276006,-1.008898,0.271534,-1.414375,0.234086,-1.681073,0.191198,-1.907708,0.029610,-0.999562,0.016537,-1.465676,0.000877,-1.781379,-0.014862,-2.034619,-0.193626,-0.892532,-0.217595,-1.033814,-0.121515,-0.725732,-0.057202,-0.495555,-0.414930,-0.730601,-0.412436,-0.909858,-0.302672,-0.698861,-0.231905,-0.505522
U,Right,legacy_sibi_U_20,0.005847,-0.000459,0.298832,-0.198080,0.326373,-0.545412,0.172654,-0.817244,-0.100112,-0.885392,0.242803,-0.995452,0.185549,-1.437561,0.121988,-1.709801,0.073349,-1.939624,0.044571,-0.992509,-0.080343,-1.489180,-0.116748,-1.775345,-0.208468,-1.999366,-0.143949,-0.904233,-0.231758,-1.115250,-0.198031,-0.854095,-0.128229,-0.699663,-0.333629,-0.774027,-0.422035,-0.946884,-0.398865,-0.821315,-0.339080,-0.744784
U,Right,legacy_sibi_U_21,0.000000,0.000000,0.278294,-0.198051,0.351217,-0.534631,0.173503,-0.801757,-0.115169,-0.887327,0.240445,-0.966388,0.174313,-1.412489,0.122377,-1.677349,0.071956,-1.909215,0.029054,-0.982376,-0.076785,-1.450879,-0.135124,-1.741124,-0.191874,-1.985107,-0.147745,-0.892339,-0.258101,-1.074062,-0.200858,-0.842528,-0.154224,-0.678954,-0.311108,-0.742637,-0.414798,-0.932415,-0.368335,-0.822017,-0.331428,-0.716582
U,Right,legacy_sibi_U_22,0.007612,0.003305,0.284015,-0.207097,0.361464,-0.572190,0.176139,-0.836243,-0.095295,-0.898996,0.270129,-0.961459,0.190187,-1.461865,0.114586,-1.686795,0.087923,-1.934457,0.051995,-0.997996,-0.086911,-1.476224,-0.140159,-1.791172,-0.196272,-1.993114,-0.137118,-0.944084,-0.242976,-1.058289,-0.193896,-0.837391,-0.158603,-0.665385,-0.316998,-0.750589,-0.440375,-0.943296,-0.407148,-0.883845,-0.334383,-0.726095
U,Right,legacy_sibi_U_23,0.000000,0.000000,0.277571,-0.197536,0.350304,-0.533240,0.173052,-0.799672,-0.114870,-0.885019,0.239820,-0.963874,0.173860,-1.408816,0.122059,-1.672986,0.071769,-1.904249,0.028979,-0.979821,-0.076585,-1.447105,-0.134772,-1.736595,-0.191375,-1.979944,-0.147360,-0.890018,-0.257430,-1.071268,-0.200335,-0.840336,-0.153823,-0.677188,-0.310299,-0.740705,-0.413719,-0.929990,-0.367377,-0.819879,-0.330566,-0.714718
U,Right,legacy_sibi_U_24,-0.023906,-0.015463,0.291167,-0.206163,0.352293,-0.558123,0.200243,-0.805766,-0.132897,-0.911215,0.232966,-0.974244,0.186760,-1.436277,0.123298,-1.719833,0.060725,-1.940026,-0.014913,-1.008228,-0.071422,-1.472088,-0.133349,-1.756268,-0.177155,-2.016984,-0.137005,-0.912347,-0.247215,-1.090554,-0.179716,-0.854421,-0.159071,-0.722224,-0.355853,-0.760079,-0.406550,-0.931513,-0.362030,-0.842192,-0.306358,-0.725507
U,Right,legacy_sibi_U_25,0.000000,0.000000,0.294736,-0.209753,0.371968,-0.566218,0.183754,-0.849126,-0.121974,-0.939751,0.254651,-1.023484,0.184612,-1.495942,0.129608,-1.776449,0.076207,-2.022014,0.030771,-1.040416,-0.081321,-1.536599,-0.143107,-1.843992,-0.203211,-2.102391,-0.156474,-0.945059,-0.273350,-1.137519,-0.212725,-0.892306,-0.163336,-0.719068,-0.329489,-0.786513,-0.439305,-0.987504,-0.390096,-0.870583,-0.351010,-0.758919
U,Right,legacy_sibi_U_26,-0.002791,-0.010619,0.275778,-0.191002,0.357180,-0.543955,0.147896,-0.814100,-0.100795,-0.913744,0.234340,-0.980923,0.158745,-1.448286,0.114285,-1.692201,0.077519,-1.927057,0.037628,-0.998414,-0.083110,-1.457906,-0.128015,-1.767907,-0.199510,-2.027140,-0.144563,-0.903123,-0.247054,-1.126192,-0.198709,-0.865653,-0.125018,-0.707905,-0.304396,-0.766961,-0.445296,-0.942044,-0.356932,-0.853690,-0.342310,-0.744443
U,Right,legacy_sibi_U_27,0.000000,0.000000,0.274162,-0.195111,0.346002,-0.526692,0.170927,-0.789852,-0.113459,-0.874151,0.236875,-0.952038,0.171725,-1.391515,0.120560,-1.652442,0.070887,-1.880865,0.028623,-0.967789,-0.075644,-1.429334,-0.133117,-1.715270,-0.189025,-1.955630,-0.145551,-0.879088,-0.254268,-1.058113,-0.197875,-0.830017,-0.151934,-0.668872,-0.306488,-0.731609,-0.408638,-0.918570,-0.362865,-0.809810,-0.326507,-0.705941
U,Right,legacy_sibi_U_28,0.025189,0.016608,0.279083,-0.201529,0.359025,-0.551328,0.199779,-0.809349,-0.127081,-0.896676,0.246284,-0.995737,0.189469,-1.451280,0.102013,-1.706932,0.052133,-1.930481,0.022625,-1.005245,-0.057885,-1.468716,-0.138333,-1.756875,-0.204327,-2.023525,-0.158396,-0.894574,-0.285141,-1.089463,-0.209130,-0.844808,-0.162597,-0.679465,-0.311238,-0.756119,-0.407223,-0.946749,-0.368883,-0.832428,-0.331151,-0.709691
U,Right,legacy_sibi_U_29,0.000000,0.000000,0.274343,-0.195240,0.346231,-0.527041,0.171040,-0.790374,-0.113534,-0.874729,0.237032,-0.952668,0.171839,-1.392436,0.120640,-1.653535,0.070934,-1.882110,0.028642,-0.968429,-0.075694,-1.430280,-0.133205,-1.716405,-0.189150,-1.956925,-0.145647,-0.879670,-0.254437,-1.058813,-0.198006,-0.830566,-0.152035,-0.669315,-0.306691,-0.732093,-0.408909,-0.919178,-0.363105,-0.810346,-0.326723,-0.706409
U,Right,legacy_sibi_U_30,0.010955,0.018838,0.299204,-0.203683,0.358039,-0.517215,0.162404,-0.803384,-0.122203,-0.898596,0.243746,-0.990398,0.152733,-1.432926,0.104821,-1.719450,0.055713,-1.936597,0.020497,-0.995489,-0.111324,-1.454046,-0.107991,-1.754065,-0.208464,-2.019301,-0.166563,-0.897140,-0.256152,-1.097259,-0.211866,-0.870685,-0.155507,-0.671965,-0.325108,-0.752005,-0.420918,-0.964724,-0.381141,-0.806385,-0.361523,-0.719610
U,Right,legacy_sibi_U_31,0.000000,0.000000,0.292313,-0.208028,0.368909,-0.561562,0.182243,-0.842144,-0.120971,-0.932024,0.252557,-1.015067,0.183094,-1.483641,0.128542,-1.761841,0.075581,-2.005387,0.030518,-1.031861,-0.080652,-1.523963,-0.141930,-1.828829,-0.201540,-2.085103,-0.155187,-0.937288,-0.271102,-1.128165,-0.210975,-0.884968,-0.161993,-0.713155,-0.326780,-0.780045,-0.435692,-0.979384,-0.386889,-0.863424,-0.348123,-0.752678
U,Right,legacy_sibi_U_32,0.003374,0.006974,0.288391,-0.237463,0.388205,-0.523475,0.187019,-0.818485,-0.114386,-0.914046,0.253545,-0.981657,0.160656,-1.449191,0.144612,-1.693075,0.076776,-1.937300,0.008272,-0.974666,-0.101645,-1.458218,-0.118055,-1.790161,-0.174464,-2.020977,-0.141659,-0.917138,-0.239841,-1.066081,-0.204875,-0.869691,-0.169759,-0.706474,-0.306033,-0.755472,-0.389685,-0.936421,-0.373302,-0.858732,-0.343337,-0.713755
U,Right,legacy_sibi_U_33,0.000000,0.000000,0.292703,-0.208305,0.369401,-0.562310,0.182486,-0.843267,-0.121132,-0.933267,0.252894,-1.016421,0.183338,-1.485619,0.128713,-1.764191,0.075681,-2.008061,0.030558,-1.033237,-0.080760,-1.525996,-0.142120,-1.831268,-0.201808,-2.087883,-0.155394,-0.938538,-0.271464,-1.129670,-0.211257,-0.886148,-0.162209,-0.714106,-0.327215,-0.781086,-0.436273,-0.980690,-0.387404,-0.864575,-0.348588,-0.753682
U,Right,legacy_sibi_U_34,-0.000421,-0.014916,0.286084,-0.221197,0.350652,-0.541851,0.170402,-0.818262,-0.114696,-0.917075,0.247052,-0.969335,0.181408,-1.435002,0.141239,-1.694302,0.079961,-1.928217,0.025218,-1.023225,-0.078470,-1.480323,-0.145064,-1.763948,-0.195081,-2.019385,-0.158464,-0.879286,-0.254715,-1.089141,-0.203280,-0.858410,-0.150998,-0.686719,-0.309559,-0.780876,-0.432146,-0.966286,-0.384910,-0.834630,-0.348406,-0.729831
U,Right,legacy_sibi_U_35,0.000000,0.000000,0.277739,-0.197656,0.350516,-0.533564,0.173157,-0.800157,-0.114939,-0.885556,0.239965,-0.964459,0.173966,-1.409670,0.122133,-1.674001,0.071812,-1.905404,0.028996,-0.980415,-0.076631,-1.447983,-0.134854,-1.737649,-0.191492,-1.981145,-0.147450,-0.890558,-0.257586,-1.071918,-0.200457,-0.840846,-0.153917,-0.677599,-0.310487,-0.741154,-0.413970,-0.930554,-0.367599,-0.820376,-0.330767,-0.715152
U,Right,legacy_sibi_U_36,0.012531,0.004212,0.277303,-0.217377,0.366330,-0.540943,0.193803,-0.804383,-0.126743,-0.889570,0.269185,-0.972821,0.162851,-1.425728,0.149449,-1.707281,0.068237,-1.949106,0.047811,-1.006945,-0.081188,-1.467498,-0.140029,-1.819946,-0.207589,-1.986070,-0.163629,-0.898092,-0.257586,-1.120826,-0.188992,-0.853840,-0.162724,-0.685494,-0.312654,-0.759490,-0.436039,-0.978560,-0.370026,-0.848453,-0.345386,-0.721222
U,Right,legacy_sibi_U_37,0.000000,0.000000,0.270874,-0.192770,0.341852,-0.520375,0.168877,-0.780379,-0.112098,-0.863667,0.234034,-0.940620,0.169665,-1.374826,0.119114,-1.632623,0.070037,-1.858307,0.028279,-0.956181,-0.074737,-1.412192,-0.131521,-1.694698,-0.186758,-1.932176,-0.143805,-0.868545,-0.251219,-1.045423,-0.195502,-0.820062,-0.150112,-0.660850,-0.302813,-0.722835,-0.403737,-0.907553,-0.358513,-0.800098,-0.322591,-0.697475
U,Right,legacy_sibi_U_38,-0.021111,0.004270,0.296413,-0.208168,0.375300,-0.570023,0.209915,-0.840158,-0.106697,-0.900055,0.239016,-0.980389,0.197314,-1.440655,0.105879,-1.696032,0.062607,-1.954629,0.056966,-1.014076,-0.090143,-1.455335,-0.107531,-1.776105,-0.198610,-2.031486,-0.140816,-0.889604,-0.275711,-1.070718,-0.218393,-0.834029,-0.184071,-0.690858,-0.320853,-0.784943,-0.378440,-0.940710,-0.380426,-0.825129,-0.347429,-0.736564
U,Right,legacy_sibi_U_39,0.000000,0.000000,0.295944,-0.210612,0.373492,-0.568537,0.184507,-0.852605,-0.122473,-0.943601,0.255694,-1.027677,0.185368,-1.502070,0.130139,-1.783727,0.076519,-2.030298,0.030897,-1.044679,-0.081654,-1.542894,-0.143693,-1.851547,-0.204043,-2.111004,-0.157115,-0.948931,-0.274470,-1.142180,-0.213596,-0.895961,-0.164005,-0.722014,-0.330839,-0.789735,-0.441104,-0.991550,-0.391695,-0.874149,-0.352448,-0.762028
U,Right,legacy_sibi_U_40,0.017840,-0.011722,0.289703,-0.174717,0.452620,-0.510255,0.293475,-0.815112,0.043807,-0.934140,0.323826,-0.994022,0.332344,-1.416023,0.321069,-1.666006,0.312275,-1.936294,0.093667,-0.986585,0.087880,-1.434540,0.061860,-1.822947,0.079227,-2.034214,-0.138430,-0.908628,-0.198807,-1.037600,-0.087131,-0.739486,-0.037033,-0.521463,-0.404448,-0.757972,-0.380004,-0.947687,-0.289316,-0.724925,-0.239765,-0.515011
U,Right,legacy_sibi_U_41,0.000000,0.000000,0.297824,-0.178720,0.457707,-0.537766,0.317909,-0.809654,0.059373,-0.929941,0.341263,-1.008283,0.350992,-1.439181,0.323146,-1.718969,0.295813,-1.959242,0.082895,-1.016898,0.079619,-1.499151,0.072395,-1.833216,0.072033,-2.098836,-0.154344,-0.923803,-0.179009,-1.072290,-0.102388,-0.753675,-0.047905,-0.513147,-0.392287,-0.771251,-0.390188,-0.954738,-0.289599,-0.740983,-0.227861,-0.552073
U,Right,legacy_sibi_U_42,-0.014626,0.001413,0.283938,-0.204460,0.442220,-0.531602,0.293864,-0.782607,0.055716,-0.921467,0.336909,-0.994050,0.355445,-1.390209,0.316911,-1.684466,0.278977,-1.898621,0.089270,-0.995391,0.064958,-1.491418,0.062829,-1.804404,0.092620,-2.070590,-0.164600,-0.936167,-0.199756,-1.040491,-0.099727,-0.718678,-0.053005,-0.502565,-0.398946,-0.736230,-0.389518,-0.943884,-0.266404,-0.709127,-0.217424,-0.538049
U,Right,legacy_sibi_U_43,0.000000,0.000000,0.293868,-0.176346,0.451627,-0.530622,0.313686,-0.798899,0.058584,-0.917589,0.336730,-0.994890,0.346329,-1.420064,0.318853,-1.696136,0.291884,-1.933217,0.081794,-1.003390,0.078561,-1.479238,0.071433,-1.808865,0.071076,-2.070957,-0.152293,-0.911532,-0.176631,-1.058047,-0.101028,-0.743663,-0.047268,-0.506331,-0.387076,-0.761006,-0.385005,-0.942056,-0.285752,-0.731141,-0.224834,-0.544739
U,Right,legacy_sibi_U_44,0.010729,0.025074,0.297075,-0.176636,0.422287,-0.525581,0.287970,-0.785368,0.026336,-0.908220,0.354336,-0.986824,0.324257,-1.402037,0.318799,-1.685390,0.284384,-1.909213,0.075682,-0.961757,0.082618,-1.472032,0.066061,-1.785168,0.061338,-2.055892,-0.121157,-0.894039,-0.170165,-1.048576,-0.077962,-0.710639,-0.036997,-0.497740,-0.394193,-0.760544,-0.392142,-0.924148,-0.276842,-0.702751,-0.230106,-0.532276
U,Right,legacy_sibi_U_45,0.000000,0.000000,0.291333,-0.174825,0.447731,-0.526045,0.310981,-0.792008,0.058079,-0.909674,0.333825,-0.986308,0.343342,-1.407815,0.316103,-1.681505,0.289366,-1.916541,0.081088,-0.994735,0.077884,-1.466478,0.070817,-1.793262,0.070463,-2.053093,-0.150980,-0.903669,-0.175107,-1.048920,-0.100157,-0.737249,-0.046861,-0.501963,-0.383738,-0.754442,-0.381684,-0.933930,-0.283287,-0.724834,-0.222895,-0.540040
U,Right,legacy_sibi_U_46,0.022181,0.005865,0.292564,-0.192004,0.439199,-0.561679,0.335061,-0.784877,0.040687,-0.898702,0.358911,-0.998284,0.344100,-1.432858,0.294437,-1.700525,0.308008,-1.899968,0.062138,-0.974646,0.072229,-1.449706,0.079500,-1.817314,0.058159,-2.033067,-0.176378,-0.898788,-0.172448,-1.055136,-0.092546,-0.738201,-0.020188,-0.520885,-0.385530,-0.749650,-0.379849,-0.950246,-0.287070,-0.721207,-0.213171,-0.552399
U,Right,legacy_sibi_U_47,0.000000,0.000000,0.286764,-0.172083,0.440710,-0.517796,0.306104,-0.779588,0.057168,-0.895408,0.328590,-0.970841,0.337958,-1.385737,0.311146,-1.655136,0.284828,-1.886486,0.079816,-0.979136,0.076662,-1.443481,0.069706,-1.765140,0.069358,-2.020897,-0.148612,-0.889498,-0.172361,-1.032471,-0.098586,-0.725687,-0.046126,-0.494091,-0.377720,-0.742611,-0.375698,-0.919284,-0.278845,-0.713467,-0.219400,-0.531572
U,Right,legacy_sibi_U_48,-0.004273,-0.011789,0.273471,-0.182426,0.445307,-0.512499,0.310707,-0.804391,0.051619,-0.911761,0.323610,-0.989535,0.337095,-1.415276,0.323194,-1.694380,0.326625,-1.932645,0.073076,-0.993461,0.106151,-1.470107,0.086574,-1.795895,0.076664,-2.073882,-0.141051,-0.890656,-0.159006,-1.042414,-0.101504,-0.743548,-0.047260,-0.499896,-0.390868,-0.746957,-0.382137,-0.939483,-0.275549,-0.712421,-0.214293,-0.524963
U,Right,legacy_sibi_U_49,0.000000,0.000000,0.290964,-0.174604,0.447164,-0.525379,0.310587,-0.791004,0.058005,-0.908521,0.333402,-0.985059,0.342907,-1.406031,0.315703,-1.679375,0.288999,-1.914114,0.080985,-0.993475,0.077785,-1.464620,0.070727,-1.790990,0.070374,-2.050492,-0.150789,-0.902524,-0.174886,-1.047592,-0.100030,-0.736315,-0.046801,-0.501327,-0.383252,-0.753486,-0.381200,-0.932747,-0.282929,-0.723916,-0.222613,-0.539356
U,Right,legacy_sibi_U_50,-0.016269,0.005364,0.299187,-0.183206,0.417362,-0.535108,0.312105,-0.800310,0.041222,-0.906368,0.319293,-0.999868,0.361956,-1.401599,0.317454,-1.693150,0.275092,-1.885769,0.066943,-1.006956,0.059738,-1.455633,0.059577,-1.814506,0.066333,-2.035533,-0.133918,-0.912158,-0.186040,-1.065113,-0.075611,-0.737959,-0.057626,-0.491822,-0.376762,-0.769169,-0.405700,-0.964502,-0.261778,-0.751979,-0.203617,-0.533880
U,Right,legacy_sibi_U_51,0.000000,0.000000,0.296951,-0.178196,0.456365,-0.536190,0.316978,-0.807281,0.059199,-0.927216,0.340263,-1.005329,0.349963,-1.434964,0.322199,-1.713932,0.294946,-1.953501,0.082652,-1.013918,0.079386,-1.494758,0.072182,-1.827844,0.071822,-2.092686,-0.153891,-0.921096,-0.178484,-1.069148,-0.102088,-0.751466,-0.047764,-0.511643,-0.391138,-0.768991,-0.389044,-0.951940,-0.288751,-0.738812,-0.227193,-0.550455
U,Right,legacy_sibi_U_52,0.021673,0.003000,0.291598,-0.167624,0.444443,-0.514270,0.310691,-0.799020,0.061868,-0.898114,0.322056,-0.958838,0.337011,-1.418842,0.298403,-1.686134,0.273425,-1.917684,0.090759,-1.018220,0.104727,-1.453624,0.061859,-1.787692,0.061357,-2.043424,-0.178757,-0.906980,-0.188658,-1.073390,-0.102103,-0.749444,-0.046260,-0.515146,-0.396922,-0.739260,-0.382294,-0.942252,-0.290744,-0.706591,-0.208087,-0.531723
U,Right,legacy_sibi_U_53,0.000000,0.000000,0.277857,-0.166739,0.427022,-0.501714,0.296596,-0.755374,0.055393,-0.867598,0.318385,-0.940688,0.327461,-1.342698,0.301482,-1.603729,0.275982,-1.827894,0.077337,-0.948725,0.074281,-1.398648,0.067541,-1.710316,0.067204,-1.958130,-0.143996,-0.861871,-0.167008,-1.000404,-0.095524,-0.703148,-0.044693,-0.478745,-0.365988,-0.719546,-0.364029,-0.890732,-0.270184,-0.691308,-0.212585,-0.515062
U,Right,legacy_sibi_U_54,0.007912,0.003547,0.259203,-0.193954,0.434188,-0.510206,0.298133,-0.761837,0.053753,-0.924684,0.347931,-0.963903,0.350922,-1.448632,0.330928,-1.683577,0.281725,-1.939807,0.086525,-1.020047,0.093031,-1.467190,0.074758,-1.823094,0.090583,-2.074352,-0.143449,-0.895252,-0.196970,-1.077622,-0.115824,-0.706616,-0.037150,-0.488281,-0.403058,-0.768466,-0.399761,-0.937224,-0.259597,-0.718384,-0.208086,-0.559412
U,Right,legacy_sibi_U_55,0.000000,0.000000,0.278121,-0.166897,0.427427,-0.502189,0.296878,-0.756090,0.055445,-0.868420,0.318686,-0.941579,0.327771,-1.343970,0.301768,-1.605249,0.276243,-1.829626,0.077411,-0.949624,0.074352,-1.399973,0.067605,-1.711937,0.067268,-1.959985,-0.144133,-0.862688,-0.167166,-1.001352,-0.095615,-0.703814,-0.044736,-0.479199,-0.366335,-0.720228,-0.364374,-0.891576,-0.270440,-0.691963,-0.212787,-0.515550
U,Right,legacy_sibi_U_56,-0.012017,-0.034666,0.273830,-0.171946,0.447322,-0.509809,0.291880,-0.820874,0.015884,-0.886829,0.356800,-0.969260,0.359252,-1.428080,0.351644,-1.693842,0.286280,-1.930302,0.055617,-1.013269,0.061282,-1.444607,0.059622,-1.805500,0.054797,-2.062512,-0.148396,-0.890882,-0.180116,-1.054827,-0.065933,-0.739154,-0.033445,-0.505943,-0.374658,-0.765953,-0.374225,-0.959999,-0.313527,-0.744994,-0.228458,-0.540963
U,Right,legacy_sibi_U_57,0.000000,0.000000,0.297823,-0.178720,0.457706,-0.537764,0.317908,-0.809652,0.059373,-0.929939,0.341262,-1.008281,0.350991,-1.439177,0.323145,-1.718965,0.295812,-1.959237,0.082894,-1.016895,0.079619,-1.499147,0.072394,-1.833211,0.072033,-2.098831,-0.154343,-0.923801,-0.179008,-1.072288,-0.102388,-0.753673,-0.047905,-0.513146,-0.392286,-0.771249,-0.390187,-0.954735,-0.289598,-0.740981,-0.227861,-0.552071
U,Right,legacy_sibi_U_58,0.008694,0.015015,0.298929,-0.184815,0.462898,-0.533863,0.304081,-0.794678,0.049154,-0.897212,0.344976,-1.010761,0.304267,-1.413686,0.321012,-1.661997,0.308477,-1.926627,0.095948,-1.001343,0.068171,-1.473883,0.059202,-1.804091,0.064865,-2.081390,-0.150305,-0.933216,-0.155880,-1.050087,-0.088029,-0.736425,-0.021754,-0.499467,-0.384308,-0.747146,-0.386990,-0.930523,-0.290947,-0.747953,-0.227948,-0.533506
U,Right,legacy_sibi_U_59,0.000000,0.000000,0.293018,-0.175836,0.450321,-0.529088,0.312779,-0.796588,0.058415,-0.914935,0.335756,-0.992012,0.345328,-1.415957,0.317931,-1.691230,0.291039,-1.927625,0.081557,-1.000488,0.078334,-1.474959,0.071226,-1.803633,0.070871,-2.064967,-0.151853,-0.908896,-0.176120,-1.054987,-0.100736,-0.741512,-0.047132,-0.504866,-0.385957,-0.758805,-0.383891,-0.939331,-0.284926,-0.729026,-0.224184,-0.543164
U,Right,legacy_sibi_U_60,-0.000910,-0.027076,0.298649,-0.203018,0.411271,-0.528216,0.293294,-0.765083,0.035823,-0.919585,0.303954,-1.010750,0.289684,-1.386812,0.274279,-1.646828,0.243249,-1.904776,0.055844,-1.013513,0.044415,-1.440496,0.028922,-1.799465,0.020935,-2.047027,-0.174328,-0.878582,-0.186427,-1.043334,-0.114359,-0.717992,-0.040027,-0.500258,-0.413037,-0.733343,-0.379068,-0.941939,-0.316251,-0.782406,-0.236399,-0.549032
U,Right,legacy_sibi_U_61,0.000000,0.000000,0.305357,-0.202578,0.443603,-0.556664,0.283961,-0.818020,0.026215,-0.954942,0.315828,-1.051472,0.316949,-1.476275,0.283249,-1.759385,0.246583,-1.999877,0.053850,-1.046978,0.042764,-1.532990,0.031706,-1.873871,0.020460,-2.145302,-0.183908,-0.940909,-0.198439,-1.095477,-0.110576,-0.770856,-0.055458,-0.522380,-0.417300,-0.780058,-0.416945,-0.997312,-0.317241,-0.784024,-0.254534,-0.574850
U,Right,legacy_sibi_U_62,-0.010084,-0.009090,0.280267,-0.187365,0.422945,-0.517115,0.254119,-0.773243,-0.003328,-0.925054,0.285599,-0.968880,0.308085,-1.377337,0.247350,-1.657978,0.212839,-1.872379,0.047477,-0.996093,0.038244,-1.464929,0.013067,-1.796310,0.025584,-2.031826,-0.203890,-0.895780,-0.220922,-1.046771,-0.092124,-0.725775,-0.057180,-0.478610,-0.410653,-0.755346,-0.387836,-0.925512,-0.315186,-0.737432,-0.212388,-0.533892
U,Right,legacy_sibi_U_63,0.000000,0.000000,0.284881,-0.188994,0.413857,-0.519337,0.264920,-0.763167,0.024457,-0.890908,0.294650,-0.980965,0.295696,-1.377283,0.264256,-1.641409,0.230048,-1.865774,0.050239,-0.976772,0.039897,-1.430194,0.029580,-1.748217,0.019088,-2.001447,-0.171576,-0.877816,-0.185132,-1.022019,-0.103161,-0.719166,-0.051739,-0.487351,-0.389317,-0.727750,-0.388986,-0.930437,-0.295968,-0.731451,-0.237466,-0.536303
U,Right,legacy_sibi_U_64,-0.008641,0.004478,0.303521,-0.194814,0.444593,-0.544472,0.293652,-0.772457,0.017372,-0.920673,0.306758,-0.984742,0.317310,-1.405515,0.271711,-1.694617,0.233901,-1.894137,0.064743,-0.981943,0.041757,-1.479859,0.033291,-1.801403,0.030684,-2.076479,-0.185587,-0.920864,-0.227445,-1.034925,-0.100934,-0.713527,-0.037213,-0.486161,-0.393676,-0.715719,-0.408046,-0.935738,-0.318351,-0.763873,-0.258650,-0.526056
U,Right,legacy_sibi_U_65,0.000000,0.000000,0.299795,-0.198888,0.435523,-0.546525,0.278789,-0.803120,0.025738,-0.937548,0.310075,-1.032319,0.311176,-1.449385,0.278090,-1.727339,0.242091,-1.963450,0.052869,-1.027907,0.041985,-1.505067,0.031128,-1.839739,0.020087,-2.106226,-0.180558,-0.923771,-0.194824,-1.075523,-0.108562,-0.756815,-0.054448,-0.512865,-0.409699,-0.765849,-0.409350,-0.979146,-0.311462,-0.769743,-0.249898,-0.564379
U,Right,legacy_sibi_U_66,0.006800,-0.017202,0.302469,-0.224589,0.449331,-0.517031,0.286180,-0.802033,0.033976,-0.933462,0.295892,-1.012155,0.306327,-1.431090,0.247771,-1.665719,0.231737,-1.941697,0.072497,-0.994116,0.073213,-1.465194,0.035599,-1.808004,0.025585,-2.043918,-0.176947,-0.894620,-0.193764,-1.039843,-0.092554,-0.729673,-0.047955,-0.513946,-0.402272,-0.751118,-0.403985,-0.925441,-0.308319,-0.732478,-0.233489,-0.549135
U,Right,legacy_sibi_U_67,0.000000,0.000000,0.278868,-0.185005,0.405122,-0.508375,0.259328,-0.747060,0.023941,-0.872104,0.288431,-0.960260,0.289455,-1.348213,0.258678,-1.606764,0.225192,-1.826394,0.049178,-0.956156,0.039054,-1.400008,0.028955,-1.711318,0.018685,-1.959203,-0.167955,-0.859288,-0.181225,-1.000448,-0.100984,-0.703987,-0.050647,-0.477065,-0.381100,-0.712390,-0.380776,-0.910798,-0.289721,-0.716012,-0.232454,-0.524984
U,Right,legacy_sibi_U_68,0.018058,-0.008914,0.316579,-0.180022,0.413454,-0.540674,0.268620,-0.796004,0.039561,-0.901740,0.326167,-1.000088,0.323936,-1.377707,0.273226,-1.682958,0.232899,-1.920967,0.065904,-0.983465,0.038766,-1.450464,0.037206,-1.798429,0.026391,-2.052569,-0.150344,-0.883138,-0.194628,-1.071005,-0.112431,-0.751617,-0.058586,-0.513524,-0.400099,-0.749032,-0.422947,-0.956607,-0.271338,-0.740535,-0.264820,-0.549041
U,Right,legacy_sibi_U_69,0.000000,0.000000,0.278911,-0.185033,0.405183,-0.508452,0.259368,-0.747173,0.023945,-0.872236,0.288474,-0.960405,0.289499,-1.348418,0.258717,-1.607008,0.225226,-1.826671,0.049186,-0.956301,0.039060,-1.400220,0.028960,-1.711578,0.018688,-1.959500,-0.167980,-0.859418,-0.181252,-1.000600,-0.100999,-0.704094,-0.050655,-0.477137,-0.381158,-0.712498,-0.380834,-0.910936,-0.289765,-0.716121,-0.232489,-0.525063
U,Right,legacy_sibi_U_70,-0.029383,0.021013,0.310852,-0.200867,0.432485,-0.547005,0.278986,-0.789214,0.019071,-0.910443,0.258242,-1.016187,0.302286,-1.380324,0.265078,-1.694014,0.244704,-1.921629,0.044664,-1.021381,0.058531,-1.470817,0.023867,-1.779835,0.019958,-2.049971,-0.163152,-0.888745,-0.188220,-1.047278,-0.111546,-0.718766,-0.026387,-0.462628,-0.415618,-0.731314,-0.378986,-0.968108,-0.302585,-0.757863,-0.250576,-0.543490
U,Right,legacy_sibi_U_71,0.000000,0.000000,0.281792,-0.186945,0.409369,-0.513704,0.262047,-0.754891,0.024192,-0.881246,0.291454,-0.970326,0.292489,-1.362346,0.261390,-1.623607,0.227553,-1.845539,0.049694,-0.966179,0.039464,-1.414683,0.029259,-1.729257,0.018881,-1.979741,-0.169715,-0.868296,-0.183125,-1.010935,-0.102042,-0.711366,-0.051178,-0.482066,-0.385095,-0.719858,-0.384767,-0.920346,-0.292758,-0.723518,-0.234891,-0.530487
U,Right,legacy_sibi_U_72,0.012266,-0.003725,0.285487,-0.195651,0.444189,-0.560686,0.262975,-0.795768,0.046057,-0.918973,0.308529,-1.004565,0.310020,-1.404381,0.271051,-1.669463,0.242268,-1.933820,0.046598,-0.993240,0.032643,-1.449682,0.037678,-1.798725,-0.008060,-2.070743,-0.198546,-0.890028,-0.200053,-1.037800,-0.117008,-0.743822,-0.054503,-0.530934,-0.386215,-0.779491,-0.370835,-0.944294,-0.306644,-0.727171,-0.261082,-0.547861
U,Right,legacy_sibi_U_73,0.000000,0.000000,0.297448,-0.197331,0.432114,-0.542246,0.276606,-0.796833,0.025536,-0.930209,0.307647,-1.024238,0.308740,-1.438039,0.275913,-1.713816,0.240196,-1.948079,0.052455,-1.019860,0.041657,-1.493284,0.030884,-1.825336,0.019930,-2.089737,-0.179145,-0.916539,-0.193299,-1.067104,-0.107712,-0.750891,-0.054022,-0.508850,-0.406491,-0.759854,-0.406145,-0.971481,-0.309024,-0.763717,-0.247941,-0.559961
U,Right,legacy_sibi_U_74,-0.001088,-0.012834,0.314203,-0.186469,0.402568,-0.511125,0.284652,-0.810516,0.009377,-0.914749,0.303161,-1.023333,0.312511,-1.421486,0.258876,-1.674183,0.201978,-1.908445,0.066395,-0.981344,0.026552,-1.460911,0.012085,-1.772600,0.024911,-2.035273,-0.170661,-0.886509,-0.208914,-1.035266,-0.114259,-0.747990,-0.027364,-0.520936,-0.410027,-0.756508,-0.373503,-0.941891,-0.326875,-0.759648,-0.267871,-0.552172
U,Right,legacy_sibi_U_75,0.000000,0.000000,0.289707,-0.192196,0.420868,-0.528134,0.269408,-0.776095,0.024872,-0.906000,0.299641,-0.997582,0.300705,-1.400613,0.268732,-1.669213,0.233945,-1.897379,0.051090,-0.993318,0.040572,-1.454421,0.030081,-1.777831,0.019411,-2.035351,-0.174483,-0.892685,-0.188268,-1.039332,-0.104908,-0.731348,-0.052616,-0.495607,-0.395912,-0.740078,-0.395575,-0.946198,-0.300982,-0.743841,-0.241489,-0.545388
U,Right,legacy_sibi_U_76,0.000674,0.010763,0.288247,-0.186245,0.436447,-0.523726,0.271867,-0.773440,0.021094,-0.890249,0.297387,-1.008276,0.296875,-1.423555,0.273046,-1.679823,0.241350,-1.917130,0.059058,-1.007485,0.056200,-1.462963,0.024745,-1.785317,0.014310,-2.064443,-0.190657,-0.906448,-0.173763,-1.049921,-0.097986,-0.711434,-0.047335,-0.484144,-0.376981,-0.757887,-0.383262,-0.972027,-0.301169,-0.760699,-0.257578,-0.543396
U,Right,legacy_sibi_U_77,0.000000,0.000000,0.277958,-0.184402,0.403800,-0.506716,0.258482,-0.744622,0.023863,-0.869258,0.287489,-0.957126,0.288510,-1.343814,0.257834,-1.601521,0.224458,-1.820434,0.049018,-0.953036,0.038927,-1.395439,0.028861,-1.705734,0.018624,-1.952810,-0.167407,-0.856484,-0.180634,-0.997183,-0.100654,-0.701690,-0.050482,-0.475508,-0.379857,-0.710065,-0.379533,-0.907826,-0.288776,-0.713676,-0.231695,-0.523271
U,Right,legacy_sibi_U_78,0.008752,-0.004025,0.281287,-0.210140,0.433518,-0.529213,0.264961,-0.778584,0.033202,-0.862413,0.302050,-1.002311,0.279954,-1.405146,0.290198,-1.671073,0.222640,-1.929671,0.066646,-0.997722,0.044246,-1.446090,0.050328,-1.789140,0.026193,-2.068423,-0.173209,-0.920212,-0.178971,-1.072744,-0.093038,-0.742102,-0.067050,-0.475072,-0.393172,-0.757097,-0.398966,-0.950301,-0.325852,-0.740910,-0.245392,-0.552754
U,Right,legacy_sibi_U_79,0.000000,0.000000,0.291012,-0.193062,0.422764,-0.530513,0.270621,-0.779592,0.024984,-0.910082,0.300991,-1.002076,0.302060,-1.406924,0.269943,-1.676734,0.234999,-1.905928,0.051320,-0.997793,0.040755,-1.460974,0.030216,-1.785841,0.019499,-2.044521,-0.175269,-0.896708,-0.189117,-1.044015,-0.105381,-0.734643,-0.052853,-0.497840,-0.397696,-0.743412,-0.397358,-0.950461,-0.302338,-0.747192,-0.242577,-0.547845
U,Right,legacy_sibi_U_80,0.012267,0.016573,0.294932,-0.184789,0.453672,-0.543233,0.283222,-0.761852,0.012933,-0.878035,0.297740,-0.956065,0.293035,-1.384657,0.256054,-1.681743,0.231718,-1.916876,0.066041,-0.979089,0.006867,-1.466667,0.026609,-1.791151,-0.012441,-2.030754,-0.158574,-0.919038,-0.211721,-1.051703,-0.113600,-0.740009,-0.052957,-0.518438,-0.397214,-0.737911,-0.403542,-0.915985,-0.317284,-0.714375,-0.235041,-0.528287
U,Right,legacy_sibi_U_81,0.000000,0.000000,0.287920,-0.189680,0.418914,-0.525727,0.269849,-0.762897,0.021621,-0.873126,0.288404,-0.984842,0.287012,-1.386966,0.250760,-1.651311,0.212105,-1.876694,0.043633,-0.982723,0.033126,-1.443136,0.020267,-1.760568,0.010824,-2.013795,-0.179516,-0.883298,-0.199123,-1.021930,-0.114211,-0.719380,-0.055999,-0.489905,-0.398303,-0.731062,-0.397795,-0.909321,-0.295836,-0.707494,-0.228663,-0.519391
U,Right,legacy_sibi_U_82,-0.028040,-0.009409,0.288921,-0.195763,0.431743,-0.517229,0.257328,-0.753127,0.023950,-0.898808,0.284278,-1.011550,0.273289,-1.399779,0.285893,-1.693453,0.208317,-1.898201,0.046735,-0.975106,0.009903,-1.456932,0.008725,-1.754722,0.023506,-2.019177,-0.195588,-0.910442,-0.219481,-1.021403,-0.109802,-0.747926,-0.061393,-0.504367,-0.407939,-0.747571,-0.390087,-0.958185,-0.296866,-0.706927,-0.211321,-0.541708
U,Right,legacy_sibi_U_83,0.000000,0.000000,0.306366,-0.201833,0.445752,-0.559408,0.287137,-0.811773,0.023006,-0.929064,0.306881,-1.047938,0.305400,-1.475825,0.266825,-1.757105,0.225694,-1.996928,0.046429,-1.045683,0.035248,-1.535593,0.021566,-1.873362,0.011517,-2.142813,-0.191017,-0.939888,-0.211880,-1.087402,-0.121529,-0.765469,-0.059586,-0.521291,-0.423821,-0.777899,-0.423281,-0.967578,-0.314789,-0.752821,-0.243313,-0.552666
U,Right,legacy_sibi_U_84,-0.000007,-0.012155,0.300482,-0.176019,0.401596,-0.506769,0.275614,-0.790442,0.010738,-0.895688,0.300856,-0.978405,0.315195,-1.433734,0.253440,-1.637548,0.233409,-1.904898,0.046445,-0.966899,0.041015,-1.466287,0.038409,-1.780343,0.021282,-2.038440,-0.206452,-0.872732,-0.215722,-1.023614,-0.104347,-0.722317,-0.078835,-0.497338,-0.415198,-0.744030,-0.398943,-0.905800,-0.317088,-0.717289,-0.247249,-0.501304
U,Right,legacy_sibi_U_85,0.000000,0.000000,0.302846,-0.199514,0.440631,-0.552982,0.283838,-0.802447,0.022741,-0.918391,0.303356,-1.035899,0.301892,-1.458870,0.263760,-1.736919,0.223101,-1.973987,0.045896,-1.033670,0.034843,-1.517952,0.021318,-1.851841,0.011385,-2.118196,-0.188823,-0.929090,-0.209446,-1.074909,-0.120132,-0.756675,-0.058902,-0.515303,-0.418952,-0.768962,-0.418418,-0.956463,-0.311173,-0.744173,-0.240517,-0.546317
U,Right,legacy_sibi_U_86,-0.000364,-0.021612,0.302562,-0.178978,0.439120,-0.530974,0.260424,-0.786082,0.021699,-0.871620,0.270467,-1.015744,0.322307,-1.413869,0.251326,-1.694803,0.247233,-1.907944,0.033479,-0.964749,0.028955,-1.443949,0.029612,-1.788373,0.045226,-2.058928,-0.181786,-0.904606,-0.225241,-1.040067,-0.122292,-0.719224,-0.033941,-0.514813,-0.396538,-0.711187,-0.412793,-0.928508,-0.295394,-0.747676,-0.219495,-0.524161
U,Right,legacy_sibi_U_87,0.000000,0.000000,0.296164,-0.195112,0.430909,-0.540780,0.277576,-0.784741,0.022240,-0.898127,0.296662,-1.013042,0.295231,-1.426680,0.257940,-1.698594,0.218178,-1.930431,0.044883,-1.010862,0.034074,-1.484458,0.020848,-1.810980,0.011134,-2.071458,-0.184656,-0.908590,-0.204824,-1.051192,-0.117482,-0.739979,-0.057602,-0.503933,-0.409708,-0.751995,-0.409185,-0.935358,-0.304307,-0.727752,-0.235210,-0.534263
U,Right,legacy_sibi_U_88,0.022795,0.004214,0.276597,-0.197990,0.407906,-0.523741,0.280895,-0.797514,0.046303,-0.903097,0.270832,-1.015912,0.285329,-1.389711,0.261110,-1.681927,0.224165,-1.903080,0.036651,-0.989356,0.037112,-1.496569,-0.011610,-1.802262,0.028755,-2.047423,-0.157986,-0.915334,-0.186301,-1.059528,-0.107799,-0.726919,-0.048140,-0.505892,-0.389772,-0.736465,-0.387947,-0.906369,-0.278919,-0.707870,-0.235366,-0.501865
U,Right,legacy_sibi_U_89,0.000000,0.000000,0.296945,-0.195626,0.432045,-0.542206,0.278308,-0.786811,0.022298,-0.900495,0.297445,-1.015713,0.296009,-1.430443,0.258620,-1.703073,0.218754,-1.935521,0.045001,-1.013527,0.034164,-1.488373,0.020903,-1.815755,0.011163,-2.076920,-0.185143,-0.910986,-0.205365,-1.053964,-0.117792,-0.741930,-0.057754,-0.505262,-0.410788,-0.753978,-0.410264,-0.937825,-0.305109,-0.729672,-0.235831,-0.535672
U,Right,legacy_sibi_U_90,0.000581,0.008794,0.303478,-0.180584,0.446138,-0.521576,0.271794,-0.796831,0.040640,-0.896979,0.308938,-1.015210,0.310491,-1.418246,0.247536,-1.670249,0.205361,-1.928498,0.031838,-1.019896,0.028401,-1.458550,0.003497,-1.781915,0.008880,-2.005995,-0.193888,-0.879613,-0.191737,-1.041487,-0.116135,-0.717858,-0.048995,-0.519619,-0.430812,-0.706355,-0.389460,-0.918206,-0.282975,-0.704163,-0.244155,-0.520807
U,Right,legacy_sibi_U_91,0.000000,0.000000,0.300741,-0.198127,0.437568,-0.549138,0.281865,-0.796869,0.022583,-0.912007,0.301247,-1.028698,0.299793,-1.448729,0.261927,-1.724845,0.221550,-1.960265,0.045576,-1.026484,0.034601,-1.507400,0.021170,-1.838968,0.011306,-2.103471,-0.187510,-0.922632,-0.207990,-1.067437,-0.119297,-0.751415,-0.058492,-0.511721,-0.416040,-0.763617,-0.415509,-0.949814,-0.309010,-0.739000,-0.238845,-0.542520
U,Right,legacy_sibi_U_92,0.025872,0.007044,0.305156,-0.178675,0.415752,-0.540868,0.291628,-0.773599,0.025637,-0.868342,0.278582,-1.012974,0.288399,-1.423680,0.256292,-1.692278,0.195748,-1.904999,0.042549,-0.979800,0.039083,-1.459824,0.069148,-1.793539,0.012389,-2.057713,-0.191021,-0.917864,-0.195037,-1.062693,-0.153946,-0.719349,-0.061530,-0.489873,-0.409718,-0.742656,-0.417107,-0.900875,-0.306301,-0.707349,-0.244672,-0.511017
U,Right,legacy_sibi_U_93,0.000000,0.000000,0.304890,-0.200861,0.443606,-0.556714,0.285754,-0.807864,0.022895,-0.924590,0.305404,-1.042892,0.303930,-1.468718,0.265541,-1.748644,0.224607,-1.987312,0.046205,-1.040647,0.035078,-1.528199,0.021462,-1.864341,0.011462,-2.132494,-0.190097,-0.935362,-0.210860,-1.082165,-0.120943,-0.761782,-0.059299,-0.518781,-0.421780,-0.774153,-0.421242,-0.962919,-0.313273,-0.749196,-0.242141,-0.550005
U,Right,legacy_sibi_U_94,0.005521,0.009425,0.287642,-0.228297,0.454561,-0.538432,0.268482,-0.781425,0.004713,-0.904159,0.299838,-0.982349,0.288694,-1.431468,0.247894,-1.702180,0.229286,-1.911623,0.010234,-1.006127,0.049010,-1.478233,0.013884,-1.813567,0.028861,-2.040230,-0.149761,-0.895190,-0.207673,-1.051808,-0.114194,-0.733275,-0.051668,-0.498368,-0.423915,-0.766441,-0.403198,-0.901563,-0.316749,-0.717671,-0.234433,-0.544590
U,Right,legacy_sibi_U_95,0.000000,0.000000,0.292884,-0.192951,0.426136,-0.534791,0.274501,-0.776050,0.021993,-0.888180,0.293377,-1.001822,0.291961,-1.410879,0.255083,-1.679782,0.215762,-1.909051,0.044386,-0.999666,0.033697,-1.468018,0.020617,-1.790923,0.011010,-2.048516,-0.182611,-0.898527,-0.202556,-1.039549,-0.116181,-0.731783,-0.056964,-0.498351,-0.405170,-0.743667,-0.404654,-0.924999,-0.300937,-0.719692,-0.232605,-0.528346
U,Right,legacy_sibi_U_96,0.019744,-0.004430,0.297425,-0.183864,0.419570,-0.556869,0.275325,-0.757851,0.029629,-0.895353,0.315203,-1.028256,0.299352,-1.396215,0.258417,-1.673843,0.224372,-1.923500,0.057621,-0.994588,0.047498,-1.491469,0.038395,-1.774440,0.016543,-2.046298,-0.147047,-0.890523,-0.216430,-1.048015,-0.141821,-0.758205,-0.049207,-0.514201,-0.402367,-0.737998,-0.406886,-0.900870,-0.299435,-0.725119,-0.221446,-0.538780
U,Right,legacy_sibi_U_97,0.000000,0.000000,0.285116,-0.187834,0.414835,-0.520608,0.267222,-0.755469,0.021410,-0.864625,0.285596,-0.975254,0.284218,-1.373463,0.248319,-1.635234,0.210040,-1.858423,0.043209,-0.973155,0.032803,-1.429086,0.020070,-1.743427,0.010718,-1.994189,-0.177768,-0.874698,-0.197184,-1.011981,-0.113100,-0.712376,-0.055453,-0.485135,-0.394425,-0.723945,-0.393922,-0.900468,-0.292956,-0.700606,-0.226437,-0.514334
U,Right,legacy_sibi_U_98,-0.011962,-0.013693,0.308399,-0.219121,0.430048,-0.557061,0.277671,-0.804846,0.027081,-0.866941,0.282258,-1.007463,0.261207,-1.405057,0.272093,-1.674513,0.225055,-1.890822,0.028325,-0.991098,0.035713,-1.479556,0.009056,-1.787598,0.022184,-2.061802,-0.174864,-0.905772,-0.221291,-1.052434,-0.121902,-0.730019,-0.054627,-0.514383,-0.411786,-0.747558,-0.399798,-0.939598,-0.299432,-0.697749,-0.236750,-0.516168
U,Right,legacy_sibi_U_99,0.000000,0.000000,0.281226,-0.185270,0.409175,-0.513504,0.263575,-0.745160,0.021118,-0.852827,0.281699,-0.961946,0.280340,-1.354721,0.244930,-1.612920,0.207174,-1.833063,0.042619,-0.959875,0.032356,-1.409585,0.019796,-1.719637,0.010572,-1.966977,-0.175342,-0.862762,-0.194493,-0.998171,-0.111556,-0.702655,-0.054697,-0.478515,-0.389043,-0.714066,-0.388547,-0.888180,-0.288958,-0.691046,-0.223347,-0.507315
U,Right,legacy_sibi_U_100,0.002521,-0.001991,0.281645,-0.197538,0.416557,-0.535976,0.277673,-0.768459,0.033236,-0.892232,0.318869,-0.993885,0.287160,-1.401291,0.251971,-1.694164,0.239427,-1.906665,0.075154,-0.996078,0.043725,-1.470140,0.011248,-1.770877,0.003487,-2.028724,-0.164587,-0.911142,-0.211063,-1.011458,-0.126444,-0.692981,-0.057626,-0.506203,-0.416662,-0.725967,-0.429422,-0.924898,-0.324131,-0.700092,-0.213838,-0.533820
U,Right,legacy_sibi_U_101,0.000000,0.000000,0.288371,-0.183858,0.433986,-0.527486,0.285838,-0.770256,0.035533,-0.875822,0.291474,-0.998775,0.288539,-1.410961,0.255134,-1.678216,0.217326,-1.905054,0.043851,-0.997774,0.037562,-1.468157,0.026301,-1.786378,0.014852,-2.042458,-0.182314,-0.896520,-0.205070,-1.034664,-0.117940,-0.728042,-0.057423,-0.497311,-0.404082,-0.738981,-0.407713,-0.917472,-0.306346,-0.711693,-0.239756,-0.522327
U,Right,legacy_sibi_U_102,-0.012767,-0.028834,0.291751,-0.172352,0.401074,-0.527773,0.290620,-0.761042,0.042034,-0.872429,0.259325,-1.002813,0.301951,-1.432938,0.266163,-1.651736,0.231097,-1.917756,0.015058,-1.007742,0.028038,-1.484469,0.017789,-1.761964,0.026689,-2.043458,-0.184373,-0.900754,-0.176791,-1.060402,-0.077963,-0.723403,-0.052051,-0.485099,-0.412598,-0.741556,-0.417940,-0.922201,-0.299851,-0.737476,-0.225959,-0.518612
U,Right,legacy_sibi_U_103,0.000000,0.000000,0.301445,-0.192194,0.453662,-0.551401,0.298797,-0.805178,0.037144,-0.915530,0.304689,-1.044058,0.301621,-1.474931,0.266701,-1.754303,0.227179,-1.991425,0.045839,-1.043011,0.039265,-1.534721,0.027494,-1.867368,0.015526,-2.135058,-0.190579,-0.937167,-0.214368,-1.081573,-0.123287,-0.761050,-0.060026,-0.519858,-0.422402,-0.772485,-0.426198,-0.959068,-0.320235,-0.743960,-0.250626,-0.546009
U,Right,legacy_sibi_U_104,-0.004063,-0.018332,0.275852,-0.181321,0.456536,-0.541136,0.296307,-0.802335,0.068861,-0.859391,0.286807,-1.011127,0.274540,-1.405180,0.234838,-1.687485,0.231329,-1.917379,0.024694,-0.995507,0.069552,-1.507402,0.025422,-1.786173,-0.011241,-2.029107,-0.162873,-0.884885,-0.194506,-1.023520,-0.135037,-0.730699,-0.079103,-0.503366,-0.402354,-0.765710,-0.445618,-0.922677,-0.311956,-0.706650,-0.218670,-0.526750
U,Right,legacy_sibi_U_105,0.000000,0.000000,0.284363,-0.181303,0.427954,-0.520155,0.281865,-0.759551,0.035039,-0.863649,0.287423,-0.984894,0.284529,-1.391351,0.251588,-1.654892,0.214306,-1.878577,0.043241,-0.983906,0.037040,-1.447752,0.025936,-1.761550,0.014646,-2.014071,-0.179780,-0.884060,-0.202220,-1.020284,-0.116301,-0.717924,-0.056625,-0.490399,-0.398466,-0.728710,-0.402046,-0.904721,-0.302088,-0.701802,-0.236423,-0.515068
U,Right,legacy_sibi_U_106,0.010455,0.008520,0.293593,-0.205077,0.429131,-0.535103,0.305907,-0.783092,0.028250,-0.883438,0.290505,-0.997144,0.280678,-1.417932,0.256989,-1.692177,0.220462,-1.928627,0.063604,-1.018978,0.030917,-1.477757,0.056778,-1.784341,0.027177,-2.041562,-0.182014,-0.896323,-0.192786,-1.064797,-0.102871,-0.719859,-0.053572,-0.500787,-0.388309,-0.736342,-0.396354,-0.911352,-0.287374,-0.711660,-0.236215,-0.545970
U,Right,legacy_sibi_U_107,0.000000,0.000000,0.286938,-0.182944,0.431829,-0.524864,0.284417,-0.766427,0.035356,-0.871468,0.290025,-0.993810,0.287105,-1.403947,0.253866,-1.669873,0.216246,-1.895584,0.043633,-0.992814,0.037375,-1.460859,0.026171,-1.777497,0.014778,-2.032304,-0.181407,-0.892064,-0.204051,-1.029520,-0.117354,-0.724423,-0.057137,-0.494839,-0.402073,-0.735308,-0.405686,-0.912911,-0.304823,-0.708155,-0.238564,-0.519731
U,Right,legacy_sibi_U_108,0.030547,0.015058,0.302125,-0.188542,0.447379,-0.535898,0.259590,-0.784851,0.038492,-0.878590,0.302493,-1.010402,0.285641,-1.423177,0.254202,-1.705552,0.226576,-1.906975,0.058493,-0.993791,0.000623,-1.450007,0.027670,-1.797885,0.009924,-2.038374,-0.169565,-0.904634,-0.221884,-1.036763,-0.147409,-0.722394,-0.033488,-0.490031,-0.430252,-0.755690,-0.391148,-0.901162,-0.323765,-0.686372,-0.263111,-0.508721
U,Right,legacy_sibi_U_109,0.000000,0.000000,0.277378,-0.176849,0.417442,-0.507377,0.274941,-0.740892,0.034178,-0.842433,0.280362,-0.960700,0.277539,-1.357172,0.245408,-1.614239,0.209041,-1.832429,0.042179,-0.959736,0.036130,-1.412188,0.025299,-1.718277,0.014286,-1.964595,-0.175364,-0.862343,-0.197252,-0.995220,-0.113444,-0.700288,-0.055234,-0.478352,-0.388677,-0.710810,-0.392170,-0.882496,-0.294667,-0.684562,-0.230616,-0.502415
U,Right,legacy_sibi_U_110,0.006384,-0.002540,0.277230,-0.214019,0.423771,-0.507507,0.266405,-0.757816,0.030109,-0.892285,0.305950,-0.990068,0.286586,-1.427844,0.273010,-1.667302,0.210902,-1.917976,0.066836,-1.023920,0.017091,-1.471314,0.032504,-1.781318,0.009586,-2.027905,-0.206329,-0.904151,-0.190695,-1.036341,-0.106415,-0.710519,-0.060780,-0.486289,-0.378405,-0.727784,-0.404097,-0.898701,-0.288277,-0.674733,-0.240643,-0.547008
U,Right,legacy_sibi_U_111,0.000000,0.000000,0.302566,-0.192908,0.455349,-0.553451,0.299908,-0.808171,0.037282,-0.918933,0.305821,-1.047939,0.302742,-1.480414,0.267693,-1.760824,0.228024,-1.998828,0.046009,-1.046888,0.039411,-1.540426,0.027596,-1.874310,0.015583,-2.142995,-0.191288,-0.940650,-0.215165,-1.085594,-0.123745,-0.763880,-0.060249,-0.521790,-0.423972,-0.775357,-0.427782,-0.962633,-0.321425,-0.746726,-0.251557,-0.548038
U,Right,legacy_sibi_U_112,0.007793,-0.015673,0.298208,-0.182128,0.421677,-0.537410,0.277178,-0.765186,0.027895,-0.885472,0.275179,-1.007512,0.280264,-1.399908,0.244322,-1.671109,0.241597,-1.918993,0.036027,-0.984660,0.054777,-1.477956,0.054801,-1.807321,0.011562,-2.013776,-0.181094,-0.887446,-0.190141,-1.051674,-0.103441,-0.740223,-0.055422,-0.487778,-0.397847,-0.725887,-0.403407,-0.928346,-0.290873,-0.724219,-0.251237,-0.510615
U,Right,legacy_sibi_U_113,0.000000,0.000000,0.293770,-0.187300,0.442111,-0.537361,0.291189,-0.784676,0.036198,-0.892218,0.296931,-1.017473,0.293941,-1.437376,0.259910,-1.709634,0.221395,-1.940718,0.044672,-1.016453,0.038265,-1.495643,0.026794,-1.819820,0.015130,-2.080694,-0.185727,-0.913304,-0.208909,-1.054034,-0.120148,-0.741672,-0.058498,-0.506621,-0.411646,-0.752816,-0.415345,-0.934648,-0.312081,-0.725017,-0.244244,-0.532106
U,Right,legacy_sibi_U_114,-0.006760,-0.022131,0.259012,-0.203750,0.426322,-0.545124,0.285048,-0.777791,0.021566,-0.832235,0.286863,-1.014892,0.326683,-1.418020,0.262750,-1.698948,0.204502,-1.906691,0.051721,-1.008882,0.048542,-1.474814,0.025626,-1.811450,0.020522,-2.053767,-0.174640,-0.877177,-0.211974,-1.015370,-0.106561,-0.708546,-0.074723,-0.482986,-0.414113,-0.742013,-0.415880,-0.899573,-0.308043,-0.736867,-0.205613,-0.537500
U,Right,legacy_sibi_U_115,0.000000,0.000000,0.301385,-0.192155,0.453571,-0.551290,0.298737,-0.805016,0.037136,-0.915345,0.304628,-1.043848,0.301560,-1.474634,0.266648,-1.753950,0.227134,-1.991025,0.045830,-1.042801,0.039257,-1.534412,0.027488,-1.866993,0.015523,-2.134629,-0.190541,-0.936978,-0.214325,-1.081356,-0.123262,-0.760897,-0.060014,-0.519753,-0.422317,-0.772330,-0.426112,-0.958875,-0.320171,-0.743810,-0.250575,-0.545899
U,Right,legacy_sibi_U_116,0.016663,-0.031836,0.312137,-0.178519,0.445784,-0.536094,0.278009,-0.770711,0.020922,-0.869815,0.303708,-0.974316,0.283711,-1.416132,0.259490,-1.678875,0.227611,-1.885355,0.035721,-1.016801,0.026859,-1.448948,0.004270,-1.779984,0.003848,-2.024826,-0.189378,-0.893022,-0.227482,-1.071358,-0.084999,-0.717177,-0.052456,-0.488133,-0.384610,-0.721560,-0.411200,-0.911566,-0.315862,-0.711530,-0.238580,-0.537981
U,Right,legacy_sibi_U_117,0.000000,0.000000,0.289495,-0.184575,0.435678,-0.529542,0.286952,-0.773258,0.035671,-0.879235,0.292610,-1.002668,0.289664,-1.416461,0.256128,-1.684757,0.218173,-1.912480,0.044022,-1.001663,0.037708,-1.473880,0.026404,-1.793341,0.014910,-2.050419,-0.183024,-0.900015,-0.205869,-1.038697,-0.118400,-0.730880,-0.057646,-0.499249,-0.405657,-0.741861,-0.409302,-0.921048,-0.307540,-0.714467,-0.240690,-0.524363
U,Right,legacy_sibi_U_118,0.002908,-0.001632,0.319982,-0.202771,0.457010,-0.542045,0.273316,-0.753647,0.037169,-0.870184,0.268227,-1.015609,0.276369,-1.398209,0.245000,-1.661678,0.205320,-1.898757,0.010099,-0.996513,0.023172,-1.470563,0.015939,-1.777396,0.013622,-2.058112,-0.192842,-0.895631,-0.198258,-1.048062,-0.124027,-0.735690,-0.065117,-0.514731,-0.398613,-0.736418,-0.417355,-0.904627,-0.314476,-0.697099,-0.276096,-0.520124
U,Right,legacy_sibi_U_119,0.000000,0.000000,0.295257,-0.188249,0.444349,-0.540082,0.292663,-0.788649,0.036381,-0.896735,0.298434,-1.022625,0.295429,-1.444654,0.261226,-1.718290,0.222516,-1.950545,0.044898,-1.021600,0.038459,-1.503216,0.026929,-1.829035,0.015207,-2.091230,-0.186667,-0.917928,-0.209967,-1.059370,-0.120756,-0.745427,-0.058794,-0.509186,-0.413731,-0.756627,-0.417448,-0.939380,-0.313661,-0.728688,-0.245481,-0.534800
U,Right,legacy_sibi_U_120,0.013657,-0.002667,0.292032,-0.218034,0.428371,-0.527994,0.276737,-0.783721,0.057583,-0.899093,0.311849,-0.995070,0.308717,-1.429508,0.270750,-1.697571,0.232291,-1.897415,0.032661,-0.999979,0.057680,-1.444002,0.057584,-1.783713,0.016361,-2.043902,-0.186989,-0.918180,-0.179891,-1.064178,-0.108694,-0.715579,-0.059364,-0.493329,-0.419255,-0.736334,-0.407397,-0.894261,-0.279598,-0.705255,-0.216217,-0.511284
U,Right,legacy_sibi_U_121,0.000000,0.000000,0.281296,-0.183176,0.424717,-0.519112,0.276524,-0.760311,0.031241,-0.866568,0.285441,-0.972021,0.284820,-1.374261,0.252374,-1.632876,0.215406,-1.852863,0.043425,-0.971541,0.041793,-1.427273,0.032562,-1.735627,0.021353,-1.986206,-0.176053,-0.873982,-0.199382,-1.009228,-0.113072,-0.710441,-0.053484,-0.486762,-0.392075,-0.718171,-0.392970,-0.891750,-0.290774,-0.689519,-0.221537,-0.503203
U,Right,legacy_sibi_U_122,-0.004758,-0.013082,0.312345,-0.177910,0.439610,-0.537952,0.299133,-0.795829,0.048204,-0.880284,0.296634,-1.020168,0.294621,-1.411268,0.253061,-1.686710,0.205132,-1.890769,0.030029,-0.986011,0.047413,-1.439477,0.032404,-1.779757,0.031283,-2.023832,-0.176390,-0.906811,-0.241919,-1.038033,-0.091541,-0.735550,-0.074365,-0.475075,-0.401294,-0.743791,-0.400345,-0.920312,-0.272249,-0.723885,-0.220503,-0.509571
U,Right,legacy_sibi_U_123,0.000000,0.000000,0.286390,-0.186493,0.432408,-0.528513,0.281532,-0.774079,0.031807,-0.882260,0.290610,-0.989623,0.289977,-1.399147,0.256944,-1.662445,0.219307,-1.886415,0.044212,-0.989134,0.042550,-1.453119,0.033152,-1.767057,0.021740,-2.022174,-0.179241,-0.889808,-0.202992,-1.027503,-0.115120,-0.723306,-0.054452,-0.495576,-0.399175,-0.731177,-0.400086,-0.907899,-0.296040,-0.702005,-0.225548,-0.512315
U,Right,legacy_sibi_U_124,-0.005861,-0.004047,0.282126,-0.172757,0.437506,-0.523757,0.281900,-0.804441,0.045026,-0.892885,0.296166,-1.011501,0.300109,-1.403149,0.243240,-1.671269,0.212708,-1.902025,0.051614,-1.009127,0.035541,-1.500048,0.050201,-1.782863,0.034571,-2.070306,-0.188762,-0.918480,-0.216026,-1.015428,-0.088569,-0.753224,-0.057477,-0.504689,-0.377713,-0.712121,-0.402255,-0.942619,-0.295111,-0.702489,-0.241030,-0.532759
U,Right,legacy_sibi_U_125,0.000000,0.000000,0.282636,-0.184048,0.426740,-0.521585,0.277841,-0.763932,0.031390,-0.870695,0.286801,-0.976651,0.286176,-1.380806,0.253576,-1.640654,0.216432,-1.861688,0.043632,-0.976168,0.041992,-1.434071,0.032717,-1.743894,0.021455,-1.995666,-0.176891,-0.878145,-0.200331,-1.014034,-0.113611,-0.713824,-0.053738,-0.489080,-0.393942,-0.721592,-0.394842,-0.895998,-0.292159,-0.692803,-0.222592,-0.505599
U,Right,legacy_sibi_U_126,0.020136,-0.002069,0.292844,-0.193313,0.439588,-0.540450,0.289618,-0.789070,0.016791,-0.920358,0.291683,-0.992371,0.306645,-1.393259,0.255164,-1.687444,0.230956,-1.911154,0.042888,-0.993906,0.043874,-1.462112,0.028584,-1.780399,0.057407,-2.041524,-0.178021,-0.870783,-0.199490,-1.034945,-0.101928,-0.733359,-0.067458,-0.489532,-0.386835,-0.771259,-0.405810,-0.902838,-0.283182,-0.711018,-0.233322,-0.507863
U,Right,legacy_sibi_U_127,0.000000,0.000000,0.283360,-0.184520,0.427834,-0.522922,0.278554,-0.765892,0.031470,-0.872928,0.287536,-0.979155,0.286910,-1.384347,0.254226,-1.644861,0.216987,-1.866462,0.043744,-0.978671,0.042100,-1.437749,0.032801,-1.748366,0.021510,-2.000784,-0.177345,-0.880397,-0.200845,-1.016635,-0.113902,-0.715655,-0.053876,-0.490334,-0.394953,-0.723443,-0.395854,-0.898295,-0.292908,-0.694580,-0.223163,-0.506896
U,Right,legacy_sibi_U_128,0.009224,-0.026883,0.328022,-0.184412,0.391601,-0.555850,0.297257,-0.789722,0.007135,-0.898672,0.292051,-1.020837,0.281365,-1.424086,0.290821,-1.670205,0.228049,-1.903358,0.023560,-0.984252,0.041518,-1.443937,0.051341,-1.762849,0.043955,-2.033438,-0.192766,-0.911333,-0.190610,-1.033676,-0.127578,-0.725522,-0.045938,-0.500800,-0.368055,-0.738335,-0.380115,-0.929806,-0.304987,-0.740071,-0.231104,-0.514719
U,Right,legacy_sibi_U_129,0.000000,0.000000,0.288542,-0.187894,0.435657,-0.532485,0.283648,-0.779897,0.032046,-0.888891,0.292794,-0.997060,0.292157,-1.409662,0.258875,-1.674939,0.220955,-1.900592,0.044544,-0.996567,0.042870,-1.464040,0.033401,-1.780337,0.021903,-2.037371,-0.180588,-0.896496,-0.204518,-1.035225,-0.115985,-0.728741,-0.054861,-0.499301,-0.402175,-0.736672,-0.403093,-0.914722,-0.298264,-0.707281,-0.227243,-0.516165
U,Right,legacy_sibi_U_130,0.000927,0.007243,0.316812,-0.199428,0.465152,-0.550166,0.303886,-0.792806,0.064037,-0.875422,0.274018,-0.979239,0.300954,-1.433844,0.256092,-1.687632,0.215886,-1.901044,0.021995,-1.011630,0.056084,-1.474642,0.035227,-1.777940,0.014755,-2.069345,-0.179556,-0.882147,-0.224221,-1.030580,-0.122085,-0.725022,-0.061196,-0.501583,-0.413709,-0.743267,-0.408489,-0.927445,-0.298044,-0.695698,-0.237334,-0.504660
U,Right,legacy_sibi_U_131,0.000000,0.000000,0.288225,-0.187688,0.435180,-0.531901,0.283337,-0.779041,0.032011,-0.887916,0.292473,-0.995967,0.291836,-1.408116,0.258591,-1.673102,0.220712,-1.898508,0.044495,-0.995474,0.042823,-1.462434,0.033364,-1.778384,0.021879,-2.035136,-0.180390,-0.895512,-0.204293,-1.034090,-0.115858,-0.727942,-0.054801,-0.498753,-0.401734,-0.735864,-0.402651,-0.913718,-0.297937,-0.706505,-0.226994,-0.515599
U,Right,legacy_sibi_U_132,0.006210,-0.017119,0.284217,-0.182391,0.431341,-0.532054,0.270622,-0.794416,0.032551,-0.911841,0.315862,-1.007066,0.306899,-1.412463,0.259335,-1.668407,0.239276,-1.898498,0.051179,-0.989881,0.047745,-1.475846,0.015594,-1.785758,0.014361,-2.042047,-0.178540,-0.896941,-0.225998,-1.025202,-0.110995,-0.719973,-0.071389,-0.507571,-0.444460,-0.749566,-0.408497,-0.917921,-0.317290,-0.701292,-0.247599,-0.522945
U,Right,legacy_sibi_U_133,0.000000,0.000000,0.278064,-0.181072,0.419838,-0.513149,0.273348,-0.751577,0.030882,-0.856613,0.282162,-0.960855,0.281548,-1.358474,0.249475,-1.614119,0.212931,-1.831578,0.042926,-0.960380,0.041313,-1.410877,0.032188,-1.715689,0.021108,-1.963390,-0.174030,-0.863942,-0.197091,-0.997634,-0.111773,-0.702279,-0.052869,-0.481170,-0.387571,-0.709921,-0.388456,-0.881506,-0.287434,-0.681598,-0.218992,-0.497422
U,Right,legacy_sibi_U_134,0.009561,0.032749,0.306506,-0.201599,0.459579,-0.542804,0.273248,-0.802615,0.009628,-0.911398,0.292229,-0.986970,0.297970,-1.429693,0.286188,-1.686064,0.245552,-1.910774,0.042073,-1.002220,0.012838,-1.463906,0.044172,-1.791836,0.010359,-2.002802,-0.193621,-0.882292,-0.201296,-1.056578,-0.120050,-0.724350,-0.060061,-0.480702,-0.402201,-0.747329,-0.413943,-0.916742,-0.314062,-0.720879,-0.222346,-0.509964
U,Right,legacy_sibi_U_135,0.000000,0.000000,0.278033,-0.181052,0.419791,-0.513092,0.273317,-0.751494,0.030879,-0.856518,0.282131,-0.960748,0.281517,-1.358323,0.249447,-1.613939,0.212908,-1.831374,0.042922,-0.960273,0.041309,-1.410721,0.032184,-1.715499,0.021106,-1.963172,-0.174011,-0.863846,-0.197069,-0.997523,-0.111761,-0.702201,-0.052863,-0.481117,-0.387528,-0.709843,-0.388412,-0.881408,-0.287402,-0.681522,-0.218967,-0.497367
U,Right,legacy_sibi_U_136,0.021356,0.005283,0.276594,-0.181510,0.429295,-0.509231,0.327306,-0.771662,0.028674,-0.887058,0.286252,-0.976004,0.291735,-1.409800,0.247155,-1.683962,0.249546,-1.901504,0.054584,-1.004671,0.051123,-1.484992,0.029312,-1.760551,-0.001177,-2.042143,-0.194835,-0.903950,-0.243909,-1.029807,-0.117406,-0.711183,-0.088048,-0.507725,-0.420718,-0.752682,-0.387746,-0.904971,-0.314062,-0.728729,-0.240303,-0.510886
U,Right,legacy_sibi_U_137,0.000000,0.000000,0.295584,-0.192480,0.446289,-0.545480,0.290570,-0.798930,0.032828,-0.910583,0.299940,-1.021393,0.299287,-1.444064,0.265193,-1.715815,0.226347,-1.946975,0.045631,-1.020888,0.043916,-1.499769,0.034216,-1.823785,0.022438,-2.087092,-0.184995,-0.918374,-0.209509,-1.060489,-0.118815,-0.746526,-0.056200,-0.511486,-0.411989,-0.754650,-0.412930,-0.937045,-0.305543,-0.724541,-0.232789,-0.528762
U,Right,legacy_sibi_U_138,0.014461,-0.003477,0.283003,-0.192959,0.463686,-0.538539,0.278891,-0.794686,0.038679,-0.913133,0.283475,-1.007463,0.299450,-1.410949,0.254329,-1.714364,0.214602,-1.920710,0.037286,-0.964222,0.050705,-1.463352,0.026058,-1.778449,0.016045,-2.033957,-0.191951,-0.894739,-0.200796,-1.055238,-0.100098,-0.723038,-0.029271,-0.495905,-0.412196,-0.742967,-0.401876,-0.921552,-0.290446,-0.694857,-0.244389,-0.535315
U,Right,legacy_sibi_U_139,0.000000,0.000000,0.298369,-0.194294,0.450495,-0.550620,0.293308,-0.806459,0.033137,-0.919165,0.302766,-1.031018,0.302107,-1.457672,0.267692,-1.731985,0.228480,-1.965323,0.046061,-1.030509,0.044330,-1.513902,0.034538,-1.840972,0.022649,-2.106760,-0.186738,-0.927029,-0.211483,-1.070483,-0.119935,-0.753561,-0.056730,-0.516306,-0.415872,-0.761761,-0.416821,-0.945875,-0.308423,-0.731369,-0.234983,-0.533745
U,Right,legacy_sibi_U_140,0.020870,-0.005784,0.302833,-0.199154,0.408975,-0.526897,0.291562,-0.790217,0.016156,-0.913743,0.281760,-0.973000,0.296606,-1.399324,0.257655,-1.669158,0.233806,-1.914362,0.063254,-0.948260,0.044514,-1.454402,0.044546,-1.794027,0.000209,-2.035537,-0.202236,-0.879427,-0.209619,-1.037053,-0.141380,-0.746537,-0.064781,-0.509618,-0.389905,-0.733843,-0.423999,-0.926631,-0.306484,-0.692349,-0.221557,-0.523856
U,Right,legacy_sibi_U_141,0.000000,0.000000,0.298780,-0.197555,0.441187,-0.557538,0.278606,-0.812545,0.019279,-0.926342,0.300623,-1.043176,0.300551,-1.472049,0.266408,-1.751351,0.225701,-1.987742,0.042278,-1.042738,0.038360,-1.534423,0.028223,-1.864584,0.016773,-2.129714,-0.194514,-0.937678,-0.218676,-1.085664,-0.126213,-0.765656,-0.062456,-0.524705,-0.428130,-0.772702,-0.425617,-0.960012,-0.315783,-0.741682,-0.243828,-0.541500
U,Right,legacy_sibi_U_142,0.006277,0.008822,0.289049,-0.172950,0.398522,-0.545711,0.249016,-0.762045,0.031227,-0.866164,0.278241,-1.022352,0.276387,-1.412924,0.290761,-1.688003,0.226104,-1.908052,0.017611,-0.990773,0.031989,-1.502160,0.006161,-1.791289,0.026123,-2.024735,-0.198539,-0.903690,-0.204017,-1.033944,-0.123458,-0.747639,-0.064244,-0.503396,-0.390396,-0.742216,-0.408419,-0.913674,-0.304596,-0.717406,-0.253388,-0.541748
U,Right,legacy_sibi_U_143,0.000000,0.000000,0.290137,-0.191840,0.428423,-0.541408,0.270547,-0.789039,0.018721,-0.899544,0.291926,-1.012997,0.291856,-1.429464,0.258701,-1.700685,0.219171,-1.930237,0.041055,-1.012572,0.037250,-1.490033,0.027406,-1.810642,0.016288,-2.068102,-0.188886,-0.910551,-0.212350,-1.054257,-0.122562,-0.743506,-0.060650,-0.509525,-0.415745,-0.750348,-0.413304,-0.932239,-0.306648,-0.720226,-0.236774,-0.525835
U,Right,legacy_sibi_U_144,-0.028777,0.012498,0.280594,-0.173759,0.430078,-0.530318,0.295830,-0.761988,0.031469,-0.876558,0.285257,-0.993328,0.295350,-1.409448,0.271496,-1.685591,0.199347,-1.920638,0.063676,-0.975349,0.029405,-1.478622,0.033194,-1.818092,0.006906,-2.027478,-0.217239,-0.886765,-0.222629,-1.014691,-0.129605,-0.741765,-0.052482,-0.505150,-0.414770,-0.738814,-0.416659,-0.913357,-0.314698,-0.695585,-0.242856,-0.524982
U,Right,legacy_sibi_U_145,0.000000,0.000000,0.292785,-0.193591,0.432334,-0.546350,0.273016,-0.796241,0.018892,-0.907754,0.294590,-1.022243,0.294520,-1.442510,0.261062,-1.716208,0.221172,-1.947855,0.041430,-1.021814,0.037590,-1.503633,0.027657,-1.827169,0.016437,-2.086978,-0.190610,-0.918862,-0.214288,-1.063879,-0.123681,-0.750292,-0.061203,-0.514176,-0.419539,-0.757197,-0.417076,-0.940748,-0.309446,-0.726799,-0.238935,-0.530634
U,Right,legacy_sibi_U_146,0.016601,-0.007928,0.287027,-0.195917,0.416591,-0.522493,0.262417,-0.776569,0.008220,-0.866907,0.291588,-1.009384,0.317128,-1.425490,0.271210,-1.682161,0.208200,-1.887345,0.010591,-1.000740,0.020066,-1.485914,0.013319,-1.786128,0.007477,-2.037070,-0.194530,-0.892697,-0.219706,-1.054036,-0.125295,-0.737340,-0.062398,-0.508468,-0.431463,-0.755583,-0.407351,-0.938637,-0.321886,-0.702326,-0.227940,-0.516797
U,Right,legacy_sibi_U_147,0.000000,0.000000,0.287126,-0.189849,0.423978,-0.535790,0.267739,-0.780851,0.018527,-0.890209,0.288897,-1.002485,0.288828,-1.414630,0.256016,-1.683037,0.216897,-1.910207,0.040629,-1.002064,0.036863,-1.474571,0.027122,-1.791853,0.016119,-2.046641,-0.186926,-0.901102,-0.210146,-1.043316,-0.121290,-0.735790,-0.060020,-0.504238,-0.411431,-0.742562,-0.409015,-0.922565,-0.303465,-0.712752,-0.234317,-0.520378
U,Right,legacy_sibi_U_148,0.006789,-0.012383,0.293784,-0.196717,0.422485,-0.543836,0.270754,-0.797727,0.051270,-0.877458,0.294985,-0.976160,0.269285,-1.394477,0.237192,-1.698952,0.234097,-1.908701,0.065263,-0.979866,0.036662,-1.460960,0.030493,-1.803680,0.010474,-2.050952,-0.207997,-0.920134,-0.187376,-1.028764,-0.131218,-0.733463,-0.067279,-0.490290,-0.423527,-0.742012,-0.413379,-0.913615,-0.287712,-0.745179,-0.244217,-0.498286
U,Right,legacy_sibi_U_149,0.000000,0.000000,0.291294,-0.192605,0.430133,-0.543569,0.271626,-0.792187,0.018796,-0.903133,0.293091,-1.017039,0.293021,-1.435167,0.259733,-1.707471,0.220046,-1.937939,0.041219,-1.016612,0.037398,-1.495978,0.027516,-1.817867,0.016353,-2.076354,-0.189640,-0.914184,-0.213197,-1.058463,-0.123051,-0.746472,-0.060892,-0.511558,-0.417404,-0.753342,-0.414953,-0.935959,-0.307871,-0.723099,-0.237719,-0.527933
U,Right,legacy_sibi_U_150,-0.003728,0.015550,0.307985,-0.214792,0.425099,-0.544478,0.259213,-0.762784,0.021731,-0.893992,0.291623,-1.005319,0.281626,-1.401714,0.252843,-1.686577,0.217504,-1.910302,0.041269,-1.009549,0.046479,-1.446968,0.035081,-1.762414,0.006342,-2.021739,-0.172568,-0.892610,-0.200990,-1.028225,-0.119598,-0.756741,-0.063622,-0.493190,-0.416215,-0.749069,-0.386679,-0.920267,-0.317262,-0.716681,-0.245731,-0.529984
U,Right,legacy_sibi_U_151,0.000000,0.000000,0.277097,-0.183218,0.409168,-0.517075,0.258387,-0.753577,0.017880,-0.859115,0.278806,-0.967469,0.278739,-1.365218,0.247074,-1.624250,0.209321,-1.843485,0.039210,-0.967063,0.035576,-1.423065,0.026175,-1.729265,0.015556,-1.975154,-0.180397,-0.869628,-0.202806,-1.006874,-0.117054,-0.710090,-0.057924,-0.486625,-0.397060,-0.716625,-0.394728,-0.890341,-0.292866,-0.687856,-0.226133,-0.502202
U,Right,legacy_sibi_U_152,-0.002805,0.006308,0.281297,-0.192595,0.433366,-0.514042,0.264007,-0.803416,0.026079,-0.910323,0.280530,-0.970148,0.298436,-1.420206,0.271270,-1.672925,0.225769,-1.900654,0.051310,-0.988368,0.028293,-1.477029,0.019202,-1.784958,0.026956,-2.042025,-0.226264,-0.892290,-0.206870,-1.042999,-0.132106,-0.753842,-0.078184,-0.498740,-0.393552,-0.727744,-0.409991,-0.939441,-0.277575,-0.718975,-0.243106,-0.508484
U,Right,legacy_sibi_U_153,0.000000,0.000000,0.286265,-0.189279,0.422706,-0.534183,0.266936,-0.778508,0.018471,-0.887538,0.288030,-0.999478,0.287961,-1.410386,0.255248,-1.677988,0.216246,-1.904476,0.040507,-0.999058,0.036753,-1.470147,0.027041,-1.786477,0.016071,-2.040501,-0.186366,-0.898399,-0.209516,-1.040187,-0.120926,-0.733583,-0.059840,-0.502725,-0.410196,-0.740334,-0.407788,-0.919797,-0.302555,-0.710614,-0.233614,-0.518817
U,Right,legacy_sibi_U_154,-0.013227,0.000943,0.286377,-0.168424,0.413231,-0.536493,0.272743,-0.774726,0.006941,-0.885921,0.274546,-0.985910,0.306508,-1.421981,0.254357,-1.682430,0.227935,-1.911361,0.048833,-1.006886,0.031656,-1.451263,0.062893,-1.787777,0.009335,-2.047990,-0.170793,-0.890735,-0.225535,-1.041230,-0.127075,-0.731312,-0.046375,-0.496443,-0.421614,-0.759611,-0.407357,-0.921641,-0.289277,-0.695166,-0.226809,-0.497902
U,Right,legacy_sibi_U_155,0.000000,0.000000,0.274299,-0.181368,0.405037,-0.511854,0.255778,-0.745967,0.017699,-0.850439,0.275990,-0.957700,0.275924,-1.351432,0.244579,-1.607848,0.207207,-1.824870,0.038814,-0.957298,0.035216,-1.408696,0.025910,-1.711803,0.015399,-1.955209,-0.178576,-0.860846,-0.200758,-0.996707,-0.115872,-0.702919,-0.057339,-0.481711,-0.393050,-0.709388,-0.390742,-0.881350,-0.289908,-0.680910,-0.223849,-0.497131
U,Right,legacy_sibi_U_156,0.006827,-0.011797,0.277225,-0.169152,0.420440,-0.505469,0.266109,-0.766522,0.005286,-0.881003,0.276397,-0.981681,0.291284,-1.408144,0.263390,-1.681560,0.207127,-1.917285,0.017959,-0.982214,0.036270,-1.474853,0.014619,-1.793875,-0.003816,-2.048978,-0.191945,-0.907643,-0.206624,-1.043540,-0.096085,-0.725047,-0.073986,-0.511644,-0.407716,-0.742304,-0.401609,-0.935281,-0.283392,-0.696123,-0.227325,-0.541048
U,Right,legacy_sibi_U_157,0.000000,0.000000,0.295519,-0.195398,0.436371,-0.551452,0.275565,-0.803676,0.019068,-0.916230,0.297341,-1.031788,0.297270,-1.455980,0.263500,-1.732233,0.223237,-1.966043,0.041816,-1.031355,0.037941,-1.517674,0.027915,-1.844230,0.016590,-2.106466,-0.192390,-0.927442,-0.216289,-1.073813,-0.124836,-0.757298,-0.061775,-0.518977,-0.423457,-0.764267,-0.420970,-0.949532,-0.312336,-0.733586,-0.241166,-0.535589
U,Right,legacy_sibi_U_158,-0.000503,0.010832,0.277013,-0.180868,0.396952,-0.510630,0.239987,-0.765245,-0.003583,-0.885896,0.271810,-0.981106,0.295795,-1.393456,0.245310,-1.652460,0.226107,-1.907836,0.050295,-0.980174,0.020911,-1.471479,0.020266,-1.768924,0.043235,-2.057084,-0.207144,-0.896362,-0.234851,-1.071007,-0.115933,-0.722140,-0.098395,-0.463371,-0.392538,-0.744424,-0.418728,-0.940906,-0.280759,-0.710189,-0.232791,-0.514325
U,Right,legacy_sibi_U_159,0.000000,0.000000,0.286092,-0.189166,0.422451,-0.533861,0.266775,-0.778040,0.018460,-0.887004,0.287857,-0.998876,0.287788,-1.409537,0.255094,-1.676978,0.216116,-1.903330,0.040482,-0.998457,0.036731,-1.469262,0.027024,-1.785402,0.016061,-2.039273,-0.186253,-0.897858,-0.209390,-1.039560,-0.120854,-0.733141,-0.059804,-0.502422,-0.409949,-0.739888,-0.407542,-0.919244,-0.302373,-0.710186,-0.233473,-0.518505
U,Right,legacy_sibi_U_160,-0.026228,0.011568,0.295836,-0.196814,0.462633,-0.541649,0.272311,-0.753894,0.027141,-0.896105,0.286043,-1.013419,0.311443,-1.406360,0.263458,-1.658368,0.189611,-1.916069,0.035695,-1.000115,0.023579,-1.493949,0.006782,-1.788257,0.008511,-2.044986,-0.168634,-0.881391,-0.186879,-1.037492,-0.117062,-0.732988,-0.045940,-0.509298,-0.386541,-0.725625,-0.409319,-0.901801,-0.313437,-0.735487,-0.227750,-0.489971
U,Right,legacy_sibi_U_161,0.000000,0.000000,0.289845,-0.195262,0.424088,-0.540144,0.267681,-0.782241,0.015539,-0.890496,0.290929,-1.006415,0.290812,-1.415257,0.255421,-1.683311,0.213889,-1.910709,0.042507,-1.003276,0.036448,-1.474577,0.024625,-1.792610,0.012375,-2.045600,-0.185693,-0.899440,-0.206308,-1.043270,-0.113297,-0.732588,-0.050182,-0.500232,-0.411032,-0.740127,-0.405704,-0.922244,-0.296512,-0.710398,-0.226973,-0.517066
U,Right,legacy_sibi_U_162,-0.032784,0.011965,0.281715,-0.184082,0.419755,-0.551780,0.285473,-0.787220,0.029930,-0.894778,0.299215,-1.004031,0.293827,-1.418149,0.227006,-1.650157,0.216928,-1.912921,0.060307,-0.982095,0.012100,-1.457489,0.014835,-1.796850,0.024428,-2.049895,-0.183408,-0.899571,-0.204575,-1.039733,-0.097802,-0.712924,-0.041887,-0.508037,-0.434733,-0.711637,-0.387672,-0.926717,-0.298917,-0.716049,-0.228503,-0.524808
U,Right,legacy_sibi_U_163,0.000000,0.000000,0.294454,-0.198367,0.430831,-0.548733,0.271937,-0.794680,0.015786,-0.904656,0.295556,-1.022418,0.295436,-1.437761,0.259483,-1.710077,0.217290,-1.941091,0.043183,-1.019229,0.037028,-1.498024,0.025017,-1.821115,0.012572,-2.078127,-0.188646,-0.913742,-0.209588,-1.059859,-0.115099,-0.744237,-0.050980,-0.508186,-0.417568,-0.751896,-0.412155,-0.936909,-0.301227,-0.721695,-0.230583,-0.525288
U,Right,legacy_sibi_U_164,-0.016544,0.004365,0.277762,-0.187440,0.432745,-0.530981,0.268500,-0.798297,-0.001831,-0.904881,0.296210,-0.958755,0.310818,-1.397725,0.263872,-1.673109,0.208435,-1.900893,0.053833,-0.984405,0.026414,-1.500817,0.011388,-1.789986,0.010245,-2.017652,-0.215403,-0.907565,-0.203371,-1.055079,-0.129463,-0.697506,-0.063922,-0.515367,-0.394814,-0.720401,-0.375724,-0.904969,-0.294743,-0.716077,-0.211736,-0.509455
U,Right,legacy_sibi_U_165,0.000000,0.000000,0.291628,-0.196463,0.426695,-0.543465,0.269326,-0.787051,0.015634,-0.895971,0.292718,-1.012603,0.292600,-1.423959,0.256992,-1.693661,0.215204,-1.922457,0.042769,-1.009445,0.036672,-1.483643,0.024777,-1.803633,0.012451,-2.058178,-0.186835,-0.904971,-0.207576,-1.049684,-0.113994,-0.737093,-0.050490,-0.503308,-0.413559,-0.744678,-0.408199,-0.927915,-0.298335,-0.714766,-0.228369,-0.520245
U,Right,legacy_sibi_U_166,0.005988,0.034233,0.294797,-0.201290,0.399187,-0.554444,0.256895,-0.799002,-0.000595,-0.873223,0.295665,-0.964795,0.276210,-1.408707,0.262806,-1.673379,0.223280,-1.926803,0.065604,-0.994143,0.043140,-1.460630,0.043286,-1.790769,0.016379,-2.043873,-0.171829,-0.918323,-0.191928,-1.034414,-0.103246,-0.733762,-0.046366,-0.493784,-0.369602,-0.741238,-0.396281,-0.935165,-0.298580,-0.708331,-0.244436,-0.515982
U,Right,legacy_sibi_U_167,0.000000,0.000000,0.294911,-0.198675,0.431499,-0.549584,0.272358,-0.795912,0.015810,-0.906058,0.296014,-1.024003,0.295894,-1.439990,0.259885,-1.712728,0.217627,-1.944100,0.043250,-1.020809,0.037085,-1.500346,0.025056,-1.823938,0.012592,-2.081349,-0.188938,-0.915159,-0.209913,-1.061502,-0.115277,-0.745391,-0.051059,-0.508974,-0.418215,-0.753061,-0.412794,-0.938362,-0.301694,-0.722813,-0.230940,-0.526102
U,Right,legacy_sibi_U_168,-0.024430,0.021747,0.293957,-0.184689,0.399877,-0.521582,0.267942,-0.790059,0.018102,-0.893090,0.281773,-0.985967,0.274015,-1.399245,0.274096,-1.644822,0.216398,-1.901539,0.020555,-0.983067,0.050424,-1.492674,0.041740,-1.790562,0.017026,-2.039943,-0.196053,-0.908673,-0.187712,-1.030561,-0.105415,-0.766575,-0.055608,-0.482316,-0.433951,-0.730513,-0.401177,-0.933239,-0.293801,-0.696918,-0.232464,-0.548653
U,Right,legacy_sibi_U_169,0.000000,0.000000,0.294039,-0.198087,0.430223,-0.547959,0.271553,-0.793558,0.015763,-0.903379,0.295138,-1.020974,0.295019,-1.435732,0.259116,-1.707663,0.216983,-1.938351,0.043122,-1.017791,0.036975,-1.495910,0.024982,-1.818544,0.012554,-2.075194,-0.188380,-0.912453,-0.209292,-1.058363,-0.114936,-0.743187,-0.050908,-0.507469,-0.416979,-0.750834,-0.411574,-0.935587,-0.300801,-0.720676,-0.230257,-0.524546
U,Right,legacy_sibi_U_170,-0.008036,0.013221,0.287961,-0.194300,0.402520,-0.543556,0.266615,-0.776482,0.011711,-0.902098,0.281531,-1.010966,0.280891,-1.417504,0.254832,-1.723997,0.196340,-1.856880,0.048024,-1.014422,0.051086,-1.487974,0.009945,-1.777055,-0.007203,-2.035056,-0.187152,-0.910658,-0.190625,-1.049042,-0.110180,-0.738660,-0.023754,-0.519740,-0.429035,-0.742740,-0.400035,-0.919043,-0.313335,-0.696947,-0.232977,-0.538711
U,Right,legacy_sibi_U_171,0.000000,0.000000,0.290862,-0.195947,0.425576,-0.542039,0.268620,-0.784986,0.015593,-0.893620,0.291950,-1.009945,0.291832,-1.420222,0.256317,-1.689216,0.214639,-1.917412,0.042657,-1.006796,0.036576,-1.479750,0.024712,-1.798900,0.012419,-2.052777,-0.186345,-0.902596,-0.207031,-1.046930,-0.113695,-0.735158,-0.050358,-0.501987,-0.412474,-0.742723,-0.407128,-0.925480,-0.297552,-0.712891,-0.227770,-0.518880
U,Right,legacy_sibi_U_172,0.015375,-0.003103,0.283121,-0.204811,0.414492,-0.526871,0.268560,-0.765518,0.033901,-0.874924,0.283128,-0.979112,0.303786,-1.403586,0.238337,-1.694679,0.225201,-1.900160,0.067175,-1.013457,0.046976,-1.489424,-0.001720,-1.787876,0.049896,-2.028152,-0.159517,-0.909860,-0.204443,-1.040626,-0.106179,-0.732638,-0.037592,-0.490117,-0.393074,-0.740246,-0.399939,-0.921230,-0.293176,-0.715867,-0.235424,-0.498053
U,Right,legacy_sibi_U_173,0.000000,0.000000,0.279983,-0.188618,0.409657,-0.521765,0.258572,-0.755624,0.015010,-0.860195,0.281030,-0.972170,0.280916,-1.367101,0.246730,-1.626034,0.206611,-1.845694,0.041061,-0.969138,0.035208,-1.424402,0.023788,-1.731614,0.011954,-1.975996,-0.179375,-0.868836,-0.199288,-1.007771,-0.109442,-0.707661,-0.048474,-0.483211,-0.397046,-0.714943,-0.391900,-0.890864,-0.286422,-0.686226,-0.219250,-0.499472
U,Right,legacy_sibi_U_174,0.013257,-0.000829,0.290486,-0.189913,0.426929,-0.529142,0.282755,-0.792735,0.013676,-0.876824,0.280802,-0.989808,0.284398,-1.399659,0.246709,-1.686974,0.199985,-1.901127,0.036472,-1.017824,0.066841,-1.454660,0.030827,-1.793533,0.035212,-2.013323,-0.211402,-0.880431,-0.204394,-1.055512,-0.115975,-0.725090,-0.090197,-0.505628,-0.422085,-0.770842,-0.395803,-0.890362,-0.291244,-0.704284,-0.244214,-0.513025
U,Right,legacy_sibi_U_175,0.000000,0.000000,0.293407,-0.197662,0.429299,-0.546782,0.270970,-0.791854,0.015729,-0.901439,0.294505,-1.018782,0.294385,-1.432649,0.258560,-1.703996,0.216517,-1.934188,0.043030,-1.015605,0.036896,-1.492697,0.024928,-1.814639,0.012527,-2.070738,-0.187975,-0.910493,-0.208843,-1.056090,-0.114689,-0.741591,-0.050798,-0.506379,-0.416083,-0.749222,-0.410690,-0.933577,-0.300155,-0.719128,-0.229763,-0.523420
U,Right,legacy_sibi_U_176,-0.003141,-0.008724,0.276502,-0.197212,0.435334,-0.527139,0.258220,-0.754176,0.016545,-0.899403,0.282461,-0.978836,0.286016,-1.402283,0.270855,-1.671303,0.214423,-1.909275,0.040505,-0.997689,0.021548,-1.465153,0.039348,-1.781496,0.017818,-2.030848,-0.189625,-0.884678,-0.195594,-1.019458,-0.113176,-0.758966,-0.069909,-0.515615,-0.412887,-0.726694,-0.378218,-0.906561,-0.302538,-0.714946,-0.252923,-0.520353
U,Right,legacy_sibi_U_177,0.000000,0.000000,0.288144,-0.194116,0.421597,-0.536973,0.266109,-0.777648,0.015447,-0.885267,0.289221,-1.000505,0.289104,-1.406947,0.253921,-1.673427,0.212633,-1.899489,0.042258,-0.997385,0.036234,-1.465918,0.024481,-1.782085,0.012303,-2.033589,-0.184603,-0.894159,-0.205096,-1.037144,-0.112632,-0.728287,-0.049887,-0.497295,-0.408619,-0.735781,-0.403322,-0.916829,-0.294771,-0.706227,-0.225641,-0.514029
U,Right,legacy_sibi_U_178,-0.029186,-0.001606,0.307774,-0.188483,0.419950,-0.545481,0.286753,-0.768695,0.018410,-0.873035,0.290016,-0.993449,0.276533,-1.404875,0.285122,-1.696490,0.193062,-1.911843,0.048163,-1.014568,0.048232,-1.486674,0.062021,-1.778956,0.035323,-2.031354,-0.184488,-0.884588,-0.231782,-1.032740,-0.099632,-0.722668,-0.046023,-0.472910,-0.430338,-0.767198,-0.418334,-0.923656,-0.290829,-0.710076,-0.212170,-0.500428
U,Right,legacy_sibi_U_179,0.000000,0.000000,0.275712,-0.185741,0.403408,-0.513805,0.254627,-0.744096,0.014781,-0.847072,0.276743,-0.957338,0.276631,-1.346244,0.242966,-1.601226,0.203459,-1.817535,0.040435,-0.954353,0.034671,-1.402671,0.023425,-1.705196,0.011772,-1.945849,-0.176638,-0.855580,-0.196247,-0.992396,-0.107772,-0.696865,-0.047735,-0.475839,-0.390989,-0.704035,-0.385921,-0.877272,-0.282053,-0.675757,-0.215905,-0.491852
U,Right,legacy_sibi_U_180,0.025795,-0.001864,0.312407,-0.181123,0.447739,-0.518740,0.277438,-0.788222,0.015831,-0.897364,0.308937,-0.970583,0.271855,-1.423804,0.244810,-1.654372,0.223932,-1.895248,0.035876,-0.978466,0.022772,-1.457040,0.037008,-1.775895,0.010381,-2.054986,-0.175002,-0.900207,-0.196648,-1.047771,-0.119573,-0.704805,-0.061894,-0.475311,-0.418417,-0.738150,-0.422330,-0.934419,-0.301048,-0.711709,-0.216861,-0.501622
U,Right,legacy_sibi_U_181,0.000000,0.000000,0.281887,-0.192853,0.410971,-0.527728,0.262741,-0.764551,0.016468,-0.870798,0.282374,-0.978748,0.282318,-1.375739,0.247133,-1.635345,0.206630,-1.855811,0.042251,-0.975159,0.035107,-1.432776,0.023020,-1.742618,0.010992,-1.988148,-0.178797,-0.874311,-0.196561,-1.014968,-0.105122,-0.712493,-0.043722,-0.486253,-0.397189,-0.721169,-0.390944,-0.900391,-0.285057,-0.694093,-0.218322,-0.504954
U,Right,legacy_sibi_U_182,0.007250,-0.002674,0.292603,-0.183107,0.416869,-0.526147,0.269711,-0.761983,0.006876,-0.913729,0.300732,-0.989458,0.255506,-1.428259,0.236010,-1.667954,0.184199,-1.897917,0.056886,-0.973000,0.062485,-1.477303,-0.009794,-1.812893,0.008875,-2.047205,-0.182954,-0.872695,-0.200568,-1.036763,-0.110336,-0.729637,-0.050361,-0.492229,-0.421198,-0.751983,-0.379736,-0.947445,-0.283249,-0.712022,-0.243454,-0.530227
U,Right,legacy_sibi_U_183,0.000000,0.000000,0.296889,-0.203117,0.432842,-0.555813,0.276724,-0.805239,0.017344,-0.917140,0.297402,-1.030835,0.297342,-1.448954,0.260285,-1.722376,0.217626,-1.954574,0.044499,-1.027055,0.036975,-1.509026,0.024245,-1.835357,0.011577,-2.093954,-0.188312,-0.920841,-0.207021,-1.068983,-0.110717,-0.750411,-0.046049,-0.512130,-0.418327,-0.759548,-0.411749,-0.948309,-0.300227,-0.731032,-0.229941,-0.531827
U,Right,legacy_sibi_U_184,-0.017044,-0.025159,0.286547,-0.200091,0.420850,-0.549798,0.246431,-0.778590,-0.011384,-0.889333,0.218554,-1.005427,0.312388,-1.417689,0.263136,-1.712943,0.211654,-1.901275,0.059950,-1.003838,0.044168,-1.476614,0.013456,-1.808766,0.012695,-2.054357,-0.184498,-0.898654,-0.209029,-1.046477,-0.111983,-0.727755,-0.064121,-0.480109,-0.388394,-0.736434,-0.369101,-0.920113,-0.289481,-0.702931,-0.237533,-0.518658
U,Right,legacy_sibi_U_185,0.000000,0.000000,0.298795,-0.204421,0.435621,-0.559382,0.278501,-0.810409,0.017456,-0.923030,0.299312,-1.037454,0.299252,-1.458258,0.261956,-1.733435,0.219023,-1.967125,0.044785,-1.033650,0.037213,-1.518716,0.024401,-1.847142,0.011651,-2.107399,-0.189522,-0.926754,-0.208351,-1.075847,-0.111428,-0.755229,-0.046344,-0.515419,-0.421013,-0.764425,-0.414393,-0.954398,-0.302155,-0.735726,-0.231417,-0.535242
U,Right,legacy_sibi_U_186,0.011987,0.018311,0.303598,-0.210201,0.453117,-0.532820,0.274502,-0.770274,0.015349,-0.878531,0.269256,-1.013270,0.299841,-1.416810,0.277207,-1.692170,0.218014,-1.885204,0.048896,-0.982614,0.051376,-1.437470,0.024081,-1.778761,-0.000975,-2.046117,-0.161431,-0.867295,-0.188220,-1.053890,-0.121784,-0.722249,-0.007997,-0.471959,-0.417906,-0.733071,-0.394712,-0.944275,-0.330196,-0.733119,-0.239291,-0.510779
U,Right,legacy_sibi_U_187,0.000000,0.000000,0.275642,-0.188580,0.401865,-0.516035,0.256920,-0.747610,0.016103,-0.851504,0.276118,-0.957062,0.276062,-1.345257,0.241657,-1.599111,0.202051,-1.814692,0.041315,-0.953552,0.034329,-1.401030,0.022510,-1.704006,0.010748,-1.944096,-0.174836,-0.854939,-0.192205,-0.992479,-0.102793,-0.696706,-0.042753,-0.475479,-0.388388,-0.705190,-0.382282,-0.880441,-0.278740,-0.678714,-0.213485,-0.493766
U,Right,legacy_sibi_U_188,0.013359,0.002269,0.289344,-0.195202,0.414224,-0.563261,0.291361,-0.793579,0.019257,-0.898696,0.304557,-1.016891,0.290624,-1.404489,0.289569,-1.672837,0.221668,-1.882239,0.017583,-1.022421,0.026830,-1.453745,0.035202,-1.785551,0.005461,-2.033497,-0.198260,-0.932620,-0.218240,-1.019856,-0.118209,-0.736384,-0.025786,-0.516446,-0.409277,-0.759778,-0.408165,-0.927556,-0.281602,-0.707412,-0.213048,-0.518493
U,Right,legacy_sibi_U_189,0.000000,0.000000,0.296708,-0.202993,0.432578,-0.555474,0.276555,-0.804747,0.017334,-0.916581,0.297221,-1.030206,0.297161,-1.448070,0.260126,-1.721325,0.217493,-1.953382,0.044472,-1.026428,0.036953,-1.508105,0.024230,-1.834237,0.011570,-2.092676,-0.188198,-0.920279,-0.206895,-1.068330,-0.110649,-0.749953,-0.046020,-0.511818,-0.418071,-0.759085,-0.411498,-0.947730,-0.300044,-0.730586,-0.229800,-0.531502
U,Right,legacy_sibi_U_190,0.009676,-0.004435,0.295110,-0.200548,0.435922,-0.519259,0.277080,-0.782508,0.019192,-0.909816,0.273383,-1.021411,0.287092,-1.408801,0.234014,-1.659008,0.186783,-1.894019,0.050620,-0.998124,0.028306,-1.470529,-0.008031,-1.794860,0.000226,-2.040869,-0.203057,-0.889072,-0.183899,-1.018002,-0.114323,-0.719708,-0.039432,-0.485419,-0.417406,-0.745025,-0.393319,-0.905593,-0.285647,-0.729621,-0.218800,-0.532479
U,Right,legacy_sibi_U_191,0.000000,0.000000,0.280779,-0.192095,0.409355,-0.525654,0.261708,-0.761545,0.016403,-0.867375,0.281264,-0.974901,0.281208,-1.370331,0.246161,-1.628917,0.205817,-1.848516,0.042085,-0.971325,0.034969,-1.427144,0.022929,-1.735768,0.010949,-1.980332,-0.178094,-0.870875,-0.195788,-1.010978,-0.104709,-0.709692,-0.043550,-0.484341,-0.395628,-0.718334,-0.389407,-0.896852,-0.283936,-0.691365,-0.217464,-0.502969
U,Right,legacy_sibi_U_192,-0.003126,0.007000,0.298485,-0.177489,0.429627,-0.523486,0.281534,-0.798337,0.022229,-0.898355,0.318137,-1.025674,0.292071,-1.400616,0.265271,-1.707515,0.217482,-1.883169,0.068376,-0.965029,0.038241,-1.452939,0.024203,-1.778204,0.030585,-2.073626,-0.192857,-0.869403,-0.202096,-1.033803,-0.107843,-0.707721,-0.071846,-0.480486,-0.406796,-0.746202,-0.392912,-0.947435,-0.312981,-0.700235,-0.224086,-0.518847
U,Right,legacy_sibi_U_193,0.000000,0.000000,0.287428,-0.196644,0.419048,-0.538101,0.267905,-0.779578,0.016792,-0.887914,0.287925,-0.997985,0.287867,-1.402780,0.251990,-1.667488,0.210691,-1.892288,0.043081,-0.994325,0.035797,-1.460938,0.023472,-1.776869,0.011208,-2.027225,-0.182311,-0.891496,-0.200424,-1.034917,-0.107189,-0.726497,-0.044581,-0.495810,-0.404996,-0.735343,-0.398628,-0.918089,-0.290659,-0.707736,-0.222613,-0.514879
U,Right,legacy_sibi_U_194,-0.011734,0.012026,0.281519,-0.187823,0.411322,-0.535551,0.273441,-0.802665,0.036057,-0.889941,0.286357,-1.011969,0.268000,-1.402998,0.276149,-1.665678,0.227297,-1.906870,0.059121,-0.996656,0.012932,-1.453870,0.035240,-1.786199,0.005060,-2.029440,-0.188694,-0.926738,-0.194776,-1.033909,-0.109041,-0.696832,-0.054806,-0.502417,-0.413218,-0.743173,-0.410853,-0.917718,-0.297735,-0.698340,-0.239851,-0.506985
U,Right,legacy_sibi_U_195,0.000000,0.000000,0.278964,-0.190854,0.406709,-0.522256,0.260017,-0.756623,0.016297,-0.861769,0.279447,-0.968599,0.279390,-1.361474,0.244570,-1.618388,0.204487,-1.836568,0.041813,-0.965047,0.034743,-1.417920,0.022781,-1.724548,0.010878,-1.967533,-0.176943,-0.865246,-0.194523,-1.004444,-0.104032,-0.705105,-0.043268,-0.481211,-0.393070,-0.713691,-0.386890,-0.891055,-0.282101,-0.686896,-0.216058,-0.499718
U,Right,legacy_sibi_U_196,0.014438,-0.007016,0.308691,-0.191216,0.422372,-0.515193,0.274500,-0.796103,0.005305,-0.896181,0.281026,-0.982070,0.294359,-1.390377,0.240624,-1.687283,0.205538,-1.888819,0.074593,-0.989544,0.015134,-1.475730,0.043291,-1.783524,-0.002331,-2.053867,-0.175822,-0.898994,-0.208708,-1.037241,-0.105012,-0.739021,-0.034415,-0.499857,-0.391158,-0.735611,-0.382725,-0.912227,-0.297105,-0.696558,-0.233773,-0.502887
U,Right,legacy_sibi_U_197,0.000000,0.000000,0.289629,-0.198150,0.422257,-0.542221,0.269957,-0.785547,0.016920,-0.894713,0.290129,-1.005627,0.290071,-1.413521,0.253920,-1.680257,0.212304,-1.906777,0.043411,-1.001939,0.036071,-1.472124,0.023652,-1.790475,0.011294,-2.042748,-0.183708,-0.898323,-0.201959,-1.042842,-0.108009,-0.732060,-0.044922,-0.499607,-0.408097,-0.740974,-0.401681,-0.925119,-0.292885,-0.713155,-0.224318,-0.518822
U,Right,legacy_sibi_U_198,0.012427,-0.008922,0.282318,-0.205932,0.409135,-0.560731,0.252235,-0.782776,0.022875,-0.873085,0.289585,-0.996620,0.279162,-1.405813,0.269846,-1.653779,0.213881,-1.916352,0.045251,-0.993066,0.040496,-1.468810,0.022485,-1.793022,0.036223,-2.037231,-0.181117,-0.894627,-0.182757,-1.044514,-0.122627,-0.730002,-0.091073,-0.510974,-0.373061,-0.744716,-0.399135,-0.921644,-0.286838,-0.715011,-0.230797,-0.515206
U,Right,legacy_sibi_U_199,0.000000,0.000000,0.291689,-0.199559,0.425260,-0.546078,0.271877,-0.791135,0.017041,-0.901076,0.292193,-1.012780,0.292134,-1.423575,0.255726,-1.692207,0.213814,-1.920339,0.043720,-1.009066,0.036328,-1.482595,0.023820,-1.803210,0.011374,-2.057277,-0.185014,-0.904712,-0.203395,-1.050259,-0.108778,-0.737267,-0.045242,-0.503160,-0.410999,-0.746244,-0.404537,-0.931699,-0.294968,-0.718227,-0.225913,-0.522512
