label,handedness,timestamp,x0,y0,x1,y1,x2,y2,x3,y3,x4,y4,x5,y5,x6,y6,x7,y7,x8,y8,x9,y9,x10,y10,x11,y11,x12,y12,x13,y13,x14,y14,x15,y15,x16,y16,x17,y17,x18,y18,x19,y19,x20,y20,x21,y21,x22,y22,x23,y23,x24,y24,x25,y25,x26,y26,x27,y27,x28,y28,x29,y29,x30,y30,x31,y31,x32,y32,x33,y33,x34,y34,x35,y35,x36,y36,x37,y37,x38,y38,x39,y39,x40,y40,x41,y41
M,Right,1778884529190,0.000000,0.000000,0.059312,-0.497378,-0.094648,-0.842875,-0.318868,-0.928553,-0.499596,-0.917502,-0.077379,-1.053317,-0.199717,-1.581534,-0.266904,-1.889703,-0.328514,-2.135829,-0.289843,-0.957074,-0.504942,-1.491284,-0.652702,-1.811549,-0.770007,-2.068199,-0.481165,-0.786511,-0.730595,-1.248912,-0.872070,-1.555819,-0.982098,-1.805564,-0.630809,-0.561612,-0.701362,-0.851693,-0.622014,-0.826614,-0.528735,-0.750912,0.000000,0.000000,-0.231954,-0.150644,-0.419285,-0.402810,-0.592360,-0.601717,-0.753990,-0.714005,-0.242360,-0.931530,-0.337765,-1.267316,-0.377935,-1.469943,-0.397317,-1.645695,-0.060998,-0.998138,-0.076719,-1.407555,-0.074857,-1.641941,-0.061756,-1.825321,0.107933,-0.957384,0.168786,-1.314446,0.205142,-1.519732,0.235179,-1.689144,0.261792,-0.821038,0.369689,-1.065988,0.437685,-1.223854,0.490454,-1.372405
M,Right,1778884529726,0.000000,0.000000,0.044096,-0.498943,-0.112210,-0.849976,-0.346192,-0.937226,-0.531264,-0.925626,-0.079503,-1.063311,-0.199117,-1.598053,-0.248147,-1.910928,-0.286197,-2.148768,-0.279311,-0.960201,-0.518101,-1.509774,-0.669586,-1.836055,-0.786423,-2.090135,-0.465514,-0.785857,-0.734465,-1.246002,-0.885467,-1.560166,-0.999375,-1.811773,-0.619960,-0.549469,-0.705036,-0.853493,-0.626926,-0.839631,-0.531368,-0.772302,0.000000,0.000000,-0.198969,-0.171842,-0.353892,-0.428642,-0.518886,-0.613606,-0.682134,-0.712190,-0.178856,-0.934574,-0.266939,-1.263503,-0.308647,-1.457998,-0.331030,-1.632487,-0.000183,-1.000000,-0.018130,-1.410163,-0.016040,-1.639224,0.003127,-1.820604,0.164674,-0.956314,0.227194,-1.310368,0.265323,-1.515793,0.300013,-1.687111,0.311979,-0.819325,0.413867,-1.068684,0.477276,-1.223028,0.525124,-1.367911
M,Right,1778884530298,0.000000,0.000000,0.031095,-0.489560,-0.121985,-0.847214,-0.316774,-0.928696,-0.469790,-0.886614,-0.101176,-1.049662,-0.218900,-1.552256,-0.272669,-1.848580,-0.313619,-2.083580,-0.284093,-0.958797,-0.509839,-1.484874,-0.650131,-1.793201,-0.760424,-2.042974,-0.460099,-0.788049,-0.712190,-1.234584,-0.849320,-1.520590,-0.956942,-1.768679,-0.603528,-0.545482,-0.696612,-0.833597,-0.631911,-0.767553,-0.546267,-0.665705,0.000000,0.000000,-0.230775,-0.152314,-0.427860,-0.405076,-0.609964,-0.592508,-0.777307,-0.692969,-0.269354,-0.916736,-0.367291,-1.245659,-0.408974,-1.445030,-0.429339,-1.623414,-0.091288,-0.995824,-0.114685,-1.406905,-0.112606,-1.636515,-0.090173,-1.818962,0.076876,-0.958722,0.137507,-1.316035,0.178790,-1.519859,0.217973,-1.690902,0.229701,-0.823656,0.335432,-1.069824,0.400252,-1.224654,0.451875,-1.367519
M,Right,1778884530690,0.000000,0.000000,0.028636,-0.529619,-0.105021,-0.934009,-0.238744,-1.093713,-0.284856,-1.115660,-0.098787,-1.069899,-0.225447,-1.579530,-0.298970,-1.875683,-0.364789,-2.110035,-0.302856,-0.953036,-0.531314,-1.487089,-0.682442,-1.797838,-0.806509,-2.049754,-0.493693,-0.766482,-0.732282,-1.221589,-0.877841,-1.521963,-0.995826,-1.771316,-0.644925,-0.524205,-0.715455,-0.818047,-0.647029,-0.775680,-0.567773,-0.692338,0.000000,0.000000,-0.235582,-0.154017,-0.434219,-0.410082,-0.624313,-0.598679,-0.801198,-0.694946,-0.272269,-0.919843,-0.367471,-1.259896,-0.409884,-1.461985,-0.430777,-1.638735,-0.087676,-0.996149,-0.107539,-1.418845,-0.105576,-1.654535,-0.085497,-1.836315,0.084487,-0.958362,0.144461,-1.321926,0.186127,-1.530415,0.224408,-1.703532,0.239017,-0.824053,0.343850,-1.070786,0.409030,-1.225439,0.459696,-1.371338
M,Right,1778884531519,0.000000,0.000000,0.038294,-0.497435,-0.127441,-0.842607,-0.364229,-0.910993,-0.552882,-0.881339,-0.072630,-1.054299,-0.200882,-1.580459,-0.260718,-1.889441,-0.311602,-2.141437,-0.280613,-0.959821,-0.507705,-1.492626,-0.659937,-1.816361,-0.781815,-2.086597,-0.474823,-0.793058,-0.733063,-1.241420,-0.881444,-1.555313,-0.994806,-1.822319,-0.635028,-0.568341,-0.710884,-0.844852,-0.625188,-0.791846,-0.518555,-0.698568,0.000000,0.000000,-0.226223,-0.164579,-0.416170,-0.416925,-0.594080,-0.599019,-0.757473,-0.700185,-0.246050,-0.924581,-0.337711,-1.253123,-0.380419,-1.448870,-0.405897,-1.621086,-0.068763,-0.997633,-0.081968,-1.412543,-0.084791,-1.646012,-0.073520,-1.832074,0.097762,-0.960355,0.159794,-1.318501,0.199387,-1.528614,0.233271,-1.706298,0.247276,-0.829818,0.354457,-1.074363,0.421276,-1.232670,0.472366,-1.382017
M,Right,1778884532246,0.000000,0.000000,0.046718,-0.501320,-0.101384,-0.855765,-0.290852,-0.943159,-0.424120,-0.927278,-0.077067,-1.054755,-0.191353,-1.583801,-0.249107,-1.898713,-0.295344,-2.144351,-0.274820,-0.961496,-0.503386,-1.519520,-0.653269,-1.853801,-0.771276,-2.115816,-0.463753,-0.787528,-0.718142,-1.251065,-0.865152,-1.564041,-0.972365,-1.810255,-0.618918,-0.558375,-0.713026,-0.812346,-0.652212,-0.785626,-0.571171,-0.713617,0.000000,0.000000,-0.238180,-0.156332,-0.440397,-0.407241,-0.629870,-0.592678,-0.804336,-0.685387,-0.280613,-0.923422,-0.386415,-1.251869,-0.429755,-1.451182,-0.448016,-1.627014,-0.094884,-0.995488,-0.118764,-1.414751,-0.120478,-1.647804,-0.102596,-1.835467,0.077723,-0.954441,0.137399,-1.313011,0.176696,-1.521285,0.213013,-1.699498,0.232138,-0.817385,0.334808,-1.068696,0.399445,-1.228370,0.450719,-1.380391
M,Right,1778884532908,0.000000,0.000000,0.021327,-0.529492,-0.146786,-0.893042,-0.337533,-0.946360,-0.460066,-0.896127,-0.085351,-1.060983,-0.206941,-1.610846,-0.284051,-1.928444,-0.349137,-2.182590,-0.290882,-0.956759,-0.525500,-1.527119,-0.684370,-1.858424,-0.810884,-2.127525,-0.486081,-0.772291,-0.751009,-1.257370,-0.906941,-1.569322,-1.029840,-1.831721,-0.645874,-0.530626,-0.735657,-0.837137,-0.667043,-0.806452,-0.582747,-0.730196,0.000000,0.000000,-0.240590,-0.156243,-0.440494,-0.406994,-0.629076,-0.591439,-0.801358,-0.695363,-0.281813,-0.922493,-0.380713,-1.260091,-0.419437,-1.458967,-0.434578,-1.636179,-0.099582,-0.995029,-0.123513,-1.411720,-0.125516,-1.648817,-0.104823,-1.837093,0.072810,-0.956244,0.140437,-1.314379,0.179144,-1.525279,0.214930,-1.705487,0.227426,-0.826183,0.336517,-1.081221,0.402149,-1.239676,0.451052,-1.389630
M,Right,1778884533589,0.000000,0.000000,0.024365,-0.481922,-0.151758,-0.828495,-0.386843,-0.875026,-0.552518,-0.842410,-0.096391,-1.041907,-0.215583,-1.558449,-0.266263,-1.866884,-0.301959,-2.117073,-0.288222,-0.957564,-0.515403,-1.481929,-0.664915,-1.794832,-0.778059,-2.056767,-0.471790,-0.796037,-0.730319,-1.230394,-0.877447,-1.528360,-0.987382,-1.784669,-0.623978,-0.570967,-0.708524,-0.823947,-0.629670,-0.754891,-0.531708,-0.654949,0.000000,0.000000,-0.224158,-0.167039,-0.408032,-0.418218,-0.586017,-0.605785,-0.752999,-0.709483,-0.229737,-0.931671,-0.335979,-1.259807,-0.382028,-1.459005,-0.405991,-1.636949,-0.048771,-0.998810,-0.068695,-1.417112,-0.070548,-1.655492,-0.055276,-1.849837,0.119251,-0.954803,0.181435,-1.315441,0.221867,-1.528772,0.257208,-1.712866,0.269871,-0.819186,0.370994,-1.069029,0.433498,-1.228510,0.482363,-1.380573
M,Right,1778884534455,0.000000,0.000000,0.041671,-0.497638,-0.115547,-0.859409,-0.335874,-0.935275,-0.506346,-0.892234,-0.077176,-1.055492,-0.199699,-1.610343,-0.251219,-1.931261,-0.286855,-2.179688,-0.281318,-0.959614,-0.516298,-1.527199,-0.670529,-1.858973,-0.786694,-2.118244,-0.471806,-0.788514,-0.729820,-1.268216,-0.875720,-1.587661,-0.988533,-1.848486,-0.625766,-0.552493,-0.693652,-0.844187,-0.610392,-0.778992,-0.518168,-0.666631,0.000000,0.000000,-0.256842,-0.147051,-0.464666,-0.400949,-0.651625,-0.592025,-0.826401,-0.694090,-0.293078,-0.920360,-0.392425,-1.261724,-0.433412,-1.465825,-0.450765,-1.646482,-0.108734,-0.994071,-0.136122,-1.419942,-0.137826,-1.659148,-0.114587,-1.851800,0.065023,-0.955335,0.126176,-1.323513,0.170231,-1.534091,0.213804,-1.714064,0.221257,-0.822419,0.328484,-1.081660,0.395462,-1.240968,0.449699,-1.390367
M,Right,1778884535413,0.000000,0.000000,0.032534,-0.491633,-0.128254,-0.853529,-0.315467,-0.953614,-0.436549,-0.952893,-0.104688,-1.053794,-0.228718,-1.586091,-0.292318,-1.899343,-0.346746,-2.147208,-0.300285,-0.953850,-0.522981,-1.507866,-0.671206,-1.839568,-0.793333,-2.102676,-0.488391,-0.774560,-0.739523,-1.238087,-0.885978,-1.539246,-1.003651,-1.784844,-0.642211,-0.535825,-0.726686,-0.836164,-0.663963,-0.798450,-0.587987,-0.713474,0.000000,0.000000,-0.210668,-0.160291,-0.385843,-0.417195,-0.556134,-0.602445,-0.714004,-0.696717,-0.229393,-0.925424,-0.330186,-1.251745,-0.370294,-1.446746,-0.387255,-1.619265,-0.050885,-0.998705,-0.072841,-1.404555,-0.073550,-1.629089,-0.053899,-1.808296,0.114619,-0.960659,0.176269,-1.312994,0.215188,-1.515558,0.254176,-1.689413,0.261595,-0.827766,0.363015,-1.072781,0.428679,-1.224291,0.482632,-1.367744
M,Right,1778884535978,0.000000,0.000000,0.051588,-0.528673,-0.104840,-0.894270,-0.333237,-0.962552,-0.509099,-0.927233,-0.061773,-1.071400,-0.187404,-1.609303,-0.243317,-1.925723,-0.287883,-2.182754,-0.267941,-0.963435,-0.499616,-1.523284,-0.648232,-1.862461,-0.768387,-2.145859,-0.466131,-0.788957,-0.710787,-1.273341,-0.850457,-1.607227,-0.961473,-1.887433,-0.628983,-0.563973,-0.691745,-0.880656,-0.606092,-0.841996,-0.510448,-0.751839,0.000000,0.000000,-0.237161,-0.152485,-0.436109,-0.407466,-0.623936,-0.587058,-0.793746,-0.682116,-0.276158,-0.920006,-0.376084,-1.255584,-0.416660,-1.458140,-0.434472,-1.636425,-0.092305,-0.995731,-0.117149,-1.418022,-0.119087,-1.652963,-0.098814,-1.839209,0.079665,-0.956886,0.141371,-1.321173,0.182571,-1.531475,0.222788,-1.709699,0.233172,-0.821446,0.334227,-1.076276,0.397404,-1.234252,0.447239,-1.385072
M,Right,1778884538359,0.000000,0.000000,0.079315,-0.464651,-0.036791,-0.834104,-0.262483,-0.947015,-0.465120,-0.912908,-0.095342,-1.058803,-0.296290,-1.478028,-0.422442,-1.702828,-0.539937,-1.868789,-0.298609,-0.954376,-0.522151,-1.435578,-0.643816,-1.711796,-0.747501,-1.938281,-0.478414,-0.787503,-0.629464,-1.214824,-0.684229,-1.504441,-0.725852,-1.723380,-0.624438,-0.582232,-0.646456,-0.820885,-0.579907,-0.848942,-0.510276,-0.828904,0.000000,0.000000,-0.273857,-0.127421,-0.519470,-0.370038,-0.748675,-0.545038,-0.939090,-0.647257,-0.366424,-0.899555,-0.493508,-1.269711,-0.547090,-1.495888,-0.577710,-1.700296,-0.177512,-0.984119,-0.213526,-1.429864,-0.226841,-1.686628,-0.217655,-1.897115,0.005247,-0.956622,0.039459,-1.346742,0.064153,-1.582114,0.089636,-1.779536,0.175194,-0.835849,0.259731,-1.115027,0.312033,-1.295319,0.350835,-1.458532
M,Right,1778884538903,0.000000,0.000000,0.080080,-0.493534,-0.045090,-0.870292,-0.278393,-0.983033,-0.487733,-0.946867,-0.096374,-1.073876,-0.312212,-1.521416,-0.443042,-1.758899,-0.564213,-1.938015,-0.305225,-0.952280,-0.515899,-1.444953,-0.646178,-1.735687,-0.755673,-1.974258,-0.492229,-0.774999,-0.657056,-1.221002,-0.744691,-1.533154,-0.815684,-1.775757,-0.640500,-0.567454,-0.663478,-0.816061,-0.584648,-0.851583,-0.503881,-0.835188,0.000000,0.000000,-0.267542,-0.135572,-0.505539,-0.369482,-0.718247,-0.540503,-0.897278,-0.643228,-0.363292,-0.900331,-0.484371,-1.248528,-0.532890,-1.461865,-0.559862,-1.658602,-0.183900,-0.982945,-0.221345,-1.403215,-0.233257,-1.647577,-0.222982,-1.848917,-0.006286,-0.953508,0.027126,-1.326864,0.053757,-1.555772,0.080230,-1.749386,0.162035,-0.832469,0.244008,-1.102322,0.298173,-1.276052,0.339457,-1.433206
M,Right,1778884539797,0.000000,0.000000,0.064971,-0.502794,-0.069513,-0.884524,-0.291776,-0.967349,-0.493867,-0.920285,-0.098407,-1.070317,-0.315598,-1.523527,-0.444734,-1.761709,-0.569528,-1.941542,-0.304071,-0.952649,-0.525387,-1.456487,-0.659608,-1.741329,-0.775687,-1.977726,-0.496228,-0.789589,-0.650265,-1.259406,-0.738903,-1.577027,-0.817919,-1.826503,-0.652514,-0.596550,-0.647473,-0.852241,-0.554033,-0.842616,-0.468267,-0.789504,0.000000,0.000000,-0.270387,-0.123312,-0.509932,-0.360148,-0.729997,-0.540357,-0.916025,-0.646397,-0.362547,-0.898023,-0.489457,-1.264341,-0.538322,-1.482360,-0.564412,-1.678959,-0.180454,-0.983584,-0.224647,-1.413571,-0.236331,-1.662431,-0.223357,-1.866806,-0.000911,-0.961008,0.031995,-1.339674,0.057466,-1.563650,0.084110,-1.753511,0.168126,-0.845909,0.248199,-1.114088,0.299742,-1.284493,0.338418,-1.437250
M,Right,1778884540987,0.000000,0.000000,0.072369,-0.483697,-0.042136,-0.865356,-0.244322,-1.011679,-0.430726,-1.020212,-0.095042,-1.069381,-0.312968,-1.509288,-0.438203,-1.747740,-0.555429,-1.924624,-0.296037,-0.955176,-0.505546,-1.446469,-0.637226,-1.724189,-0.746390,-1.944750,-0.482544,-0.781757,-0.628366,-1.234030,-0.716962,-1.539478,-0.785027,-1.776201,-0.639815,-0.570365,-0.639224,-0.814524,-0.564697,-0.852500,-0.494993,-0.847975,0.000000,0.000000,-0.267634,-0.145239,-0.506173,-0.393434,-0.722152,-0.573979,-0.905844,-0.684204,-0.351144,-0.903028,-0.475452,-1.257362,-0.527116,-1.470744,-0.555940,-1.666712,-0.173977,-0.984750,-0.216342,-1.411955,-0.231105,-1.653492,-0.221098,-1.856442,0.000242,-0.958661,0.041651,-1.331069,0.069817,-1.556637,0.098302,-1.751065,0.163234,-0.843509,0.247709,-1.112847,0.297867,-1.280859,0.334673,-1.435590
M,Right,1778884542017,0.000000,0.000000,0.078365,-0.500661,-0.053521,-0.878559,-0.275441,-0.964025,-0.478740,-0.909495,-0.094302,-1.070896,-0.301682,-1.523746,-0.427087,-1.765316,-0.545461,-1.947242,-0.306501,-0.951870,-0.513256,-1.449830,-0.637985,-1.734108,-0.744702,-1.965346,-0.497177,-0.786944,-0.646656,-1.241230,-0.726475,-1.546659,-0.794703,-1.782925,-0.647249,-0.595925,-0.643674,-0.840221,-0.549779,-0.849862,-0.460538,-0.811086,0.000000,0.000000,-0.264799,-0.132258,-0.502743,-0.372660,-0.719800,-0.555863,-0.900525,-0.672295,-0.358806,-0.898540,-0.484057,-1.260732,-0.533101,-1.477395,-0.560985,-1.674067,-0.179099,-0.983831,-0.223668,-1.409043,-0.239055,-1.656583,-0.230116,-1.857995,-0.002986,-0.959024,0.037108,-1.333146,0.066577,-1.559715,0.095264,-1.748489,0.161456,-0.843630,0.240547,-1.106527,0.290699,-1.272116,0.327118,-1.420642
M,Right,1778884543103,0.000000,0.000000,0.080727,-0.489521,-0.026506,-0.867425,-0.251589,-0.999160,-0.451531,-0.990874,-0.084381,-1.070615,-0.298814,-1.519655,-0.422219,-1.761777,-0.535247,-1.937576,-0.287286,-0.957845,-0.500795,-1.469509,-0.627932,-1.760616,-0.733323,-1.991203,-0.472647,-0.791301,-0.613346,-1.259168,-0.682818,-1.579002,-0.731374,-1.819187,-0.625254,-0.590722,-0.636239,-0.858656,-0.565852,-0.939780,-0.496131,-0.967153,0.000000,0.000000,-0.271206,-0.130184,-0.519181,-0.369496,-0.743938,-0.548817,-0.932214,-0.658502,-0.369445,-0.901703,-0.497636,-1.275662,-0.550373,-1.497764,-0.579889,-1.698158,-0.183585,-0.983004,-0.221818,-1.422231,-0.238911,-1.677894,-0.232635,-1.888761,-0.003191,-0.954687,0.044933,-1.340123,0.075241,-1.576264,0.101693,-1.774450,0.164433,-0.837744,0.252545,-1.111867,0.305325,-1.288595,0.342130,-1.448770
M,Right,1778884543727,0.000000,0.000000,0.071690,-0.470878,-0.056820,-0.830179,-0.285950,-0.900626,-0.486859,-0.839633,-0.089573,-1.054318,-0.288447,-1.490791,-0.412239,-1.719981,-0.531528,-1.891084,-0.293882,-0.955842,-0.494124,-1.435798,-0.616598,-1.711413,-0.723900,-1.936328,-0.478323,-0.796297,-0.617534,-1.215041,-0.693665,-1.513117,-0.756787,-1.744379,-0.628170,-0.595434,-0.627319,-0.799827,-0.551744,-0.795776,-0.476643,-0.747215,0.000000,0.000000,-0.271243,-0.123445,-0.513768,-0.365628,-0.735601,-0.550145,-0.920688,-0.664123,-0.370376,-0.893893,-0.497726,-1.257029,-0.550125,-1.477914,-0.578591,-1.676957,-0.190678,-0.981653,-0.234734,-1.410486,-0.248846,-1.662277,-0.238825,-1.867887,-0.012090,-0.959008,0.027934,-1.339627,0.057908,-1.567990,0.086245,-1.758580,0.157517,-0.844858,0.238929,-1.115110,0.290324,-1.285222,0.327539,-1.438219
M,Right,1778884544392,0.000000,0.000000,0.063435,-0.458787,-0.079966,-0.800693,-0.345880,-0.865077,-0.556568,-0.837165,-0.093791,-1.058681,-0.309680,-1.476656,-0.440531,-1.708496,-0.563096,-1.881138,-0.290883,-0.956759,-0.507289,-1.420475,-0.632708,-1.695102,-0.736030,-1.926294,-0.470815,-0.797173,-0.621459,-1.220426,-0.691809,-1.535475,-0.747142,-1.783530,-0.618505,-0.605498,-0.618643,-0.807744,-0.537281,-0.819029,-0.455656,-0.785392,0.000000,0.000000,-0.272197,-0.133809,-0.515641,-0.378496,-0.735106,-0.558008,-0.916767,-0.664970,-0.362822,-0.895624,-0.492364,-1.258575,-0.546193,-1.479382,-0.576011,-1.677622,-0.179725,-0.983717,-0.222601,-1.423851,-0.238131,-1.676249,-0.226456,-1.880767,0.001507,-0.957637,0.046808,-1.345131,0.078303,-1.575886,0.109388,-1.769761,0.171356,-0.839468,0.254485,-1.116835,0.307766,-1.291335,0.346665,-1.449649
M,Right,1778884544942,0.000000,0.000000,0.073001,-0.473870,-0.064701,-0.837792,-0.328901,-0.910361,-0.546882,-0.869355,-0.084354,-1.073421,-0.309084,-1.527491,-0.440320,-1.765342,-0.557739,-1.941790,-0.295499,-0.955343,-0.528393,-1.462097,-0.662588,-1.752537,-0.770348,-1.990976,-0.486697,-0.787118,-0.643468,-1.234199,-0.715222,-1.557004,-0.767353,-1.806810,-0.646765,-0.582781,-0.648002,-0.785164,-0.559601,-0.793359,-0.471519,-0.761949,0.000000,0.000000,-0.271497,-0.135383,-0.509018,-0.373265,-0.729783,-0.548911,-0.916272,-0.661599,-0.352891,-0.902645,-0.477059,-1.266444,-0.529574,-1.484678,-0.559789,-1.683518,-0.166904,-0.985973,-0.205937,-1.418176,-0.224128,-1.668249,-0.217644,-1.876551,0.014324,-0.956775,0.063560,-1.339236,0.093727,-1.569999,0.121472,-1.767664,0.177911,-0.833891,0.268071,-1.110105,0.320894,-1.285173,0.359143,-1.447054
M,Right,1778884545608,0.000000,0.000000,0.074792,-0.473150,-0.040241,-0.833753,-0.270756,-0.942868,-0.475102,-0.915619,-0.101620,-1.062826,-0.305256,-1.480946,-0.428023,-1.711885,-0.544835,-1.878241,-0.296463,-0.955044,-0.496473,-1.425136,-0.619291,-1.699414,-0.721471,-1.921000,-0.468416,-0.787333,-0.613815,-1.215985,-0.687271,-1.515683,-0.740866,-1.742463,-0.608713,-0.581512,-0.625024,-0.815718,-0.557641,-0.871846,-0.485395,-0.875987,0.000000,0.000000,-0.267535,-0.130245,-0.507382,-0.370879,-0.731318,-0.545272,-0.916745,-0.652497,-0.361528,-0.902822,-0.488068,-1.269356,-0.538584,-1.490017,-0.567459,-1.687843,-0.174700,-0.984622,-0.212494,-1.420851,-0.227592,-1.675927,-0.219451,-1.882522,0.006595,-0.954132,0.055361,-1.339722,0.087441,-1.571997,0.115572,-1.766432,0.173923,-0.833517,0.261177,-1.104584,0.314925,-1.279974,0.352475,-1.440105
M,Right,1778884546648,0.000000,0.000000,0.074041,-0.460180,-0.079073,-0.796457,-0.308258,-0.869947,-0.506199,-0.849182,-0.098634,-1.046014,-0.228366,-1.506568,-0.315438,-1.770055,-0.402652,-1.974941,-0.296626,-0.954994,-0.506173,-1.414756,-0.645372,-1.683304,-0.762387,-1.898264,-0.468891,-0.796649,-0.664954,-1.151459,-0.757040,-1.347113,-0.828131,-1.479397,-0.598129,-0.594533,-0.623543,-0.806229,-0.543623,-0.808951,-0.462985,-0.766186,0.000000,0.000000,-0.266567,-0.127883,-0.498989,-0.354392,-0.713542,-0.520674,-0.895789,-0.615351,-0.352512,-0.904960,-0.466652,-1.266695,-0.518189,-1.478783,-0.548574,-1.669493,-0.166873,-0.985978,-0.207561,-1.420960,-0.223441,-1.672256,-0.214655,-1.874556,0.014182,-0.952481,0.066824,-1.334563,0.100984,-1.563354,0.133982,-1.757273,0.181828,-0.826714,0.270447,-1.105049,0.325489,-1.283269,0.364599,-1.450784
M,Right,1778884547155,0.000000,0.000000,0.057474,-0.470594,-0.108149,-0.820057,-0.333499,-0.887936,-0.533669,-0.849133,-0.099472,-1.047164,-0.233454,-1.507555,-0.320485,-1.761726,-0.408411,-1.974439,-0.300989,-0.953628,-0.483618,-1.442764,-0.606093,-1.738357,-0.714607,-1.994344,-0.484696,-0.786996,-0.703892,-1.207476,-0.827970,-1.493877,-0.933524,-1.729445,-0.629546,-0.571800,-0.670047,-0.817134,-0.587477,-0.797001,-0.505577,-0.742046,0.000000,0.000000,-0.250460,-0.136196,-0.462427,-0.359767,-0.659048,-0.528249,-0.839141,-0.627479,-0.322365,-0.909978,-0.425300,-1.258219,-0.472630,-1.459797,-0.502705,-1.645175,-0.142246,-0.989831,-0.180286,-1.412395,-0.194413,-1.657411,-0.188924,-1.857896,0.035917,-0.959394,0.089722,-1.328849,0.123016,-1.550987,0.151474,-1.742634,0.202478,-0.839971,0.291209,-1.111814,0.346947,-1.283414,0.385410,-1.449830
M,Right,1778884547973,0.000000,0.000000,0.047704,-0.459444,-0.114739,-0.801425,-0.335558,-0.864978,-0.521328,-0.823023,-0.086971,-1.038087,-0.196590,-1.540970,-0.250209,-1.832175,-0.306449,-2.067563,-0.289884,-0.957062,-0.458942,-1.467048,-0.579789,-1.783450,-0.681665,-2.043609,-0.470838,-0.803329,-0.687714,-1.202876,-0.811483,-1.517181,-0.908224,-1.760873,-0.613408,-0.602208,-0.625650,-0.792844,-0.529940,-0.777239,-0.433439,-0.720106,0.000000,0.000000,-0.257151,-0.140416,-0.476698,-0.376822,-0.675758,-0.544683,-0.856224,-0.636191,-0.325032,-0.904904,-0.435810,-1.238124,-0.486391,-1.431993,-0.513623,-1.608030,-0.146182,-0.989258,-0.195244,-1.399619,-0.212978,-1.630956,-0.204134,-1.818502,0.030203,-0.962480,0.069663,-1.322169,0.097501,-1.537858,0.127028,-1.721494,0.194309,-0.841490,0.271373,-1.105449,0.319737,-1.270881,0.355766,-1.424950
M,Right,1778884550667,0.000000,0.000000,0.071784,-0.485020,-0.099512,-0.824961,-0.360968,-0.865659,-0.579806,-0.825999,-0.066066,-1.049261,-0.172753,-1.546460,-0.219839,-1.831674,-0.261728,-2.066955,-0.270610,-0.962689,-0.462522,-1.465571,-0.583021,-1.770267,-0.677784,-2.022527,-0.451785,-0.809055,-0.684960,-1.214283,-0.812566,-1.516457,-0.914195,-1.757567,-0.587431,-0.605789,-0.617187,-0.830448,-0.522809,-0.791416,-0.427803,-0.713931,0.000000,0.000000,-0.247884,-0.130385,-0.461149,-0.361591,-0.655559,-0.532101,-0.834536,-0.616921,-0.326287,-0.899496,-0.438752,-1.219723,-0.491453,-1.408070,-0.521851,-1.576369,-0.151463,-0.988463,-0.198511,-1.392962,-0.214676,-1.618062,-0.207211,-1.794587,0.022305,-0.965620,0.063722,-1.318607,0.090048,-1.521491,0.115455,-1.690830,0.186652,-0.850369,0.262256,-1.109095,0.308452,-1.264394,0.340783,-1.411936
M,Right,1778884551893,0.000000,0.000000,0.075821,-0.446505,-0.060424,-0.821941,-0.316708,-0.898487,-0.530905,-0.867601,-0.041002,-1.058471,-0.226368,-1.508774,-0.343381,-1.770536,-0.454115,-1.969813,-0.242597,-0.970127,-0.433555,-1.472947,-0.561138,-1.774900,-0.667752,-2.029662,-0.437301,-0.812104,-0.583957,-1.294833,-0.659006,-1.615017,-0.721759,-1.881340,-0.610920,-0.606479,-0.613329,-0.810562,-0.529123,-0.763503,-0.452102,-0.689426,0.000000,0.000000,-0.273857,-0.108090,-0.524030,-0.337770,-0.748549,-0.511401,-0.935615,-0.614877,-0.388174,-0.880709,-0.516639,-1.239973,-0.574904,-1.451281,-0.612547,-1.642524,-0.203736,-0.979026,-0.249111,-1.411384,-0.267996,-1.660535,-0.263110,-1.862610,-0.020417,-0.962496,0.022170,-1.348608,0.051959,-1.579333,0.079888,-1.772343,0.151342,-0.850779,0.233489,-1.129662,0.283830,-1.301592,0.317905,-1.454827
M,Right,1778884552427,0.000000,0.000000,0.063123,-0.489914,-0.061157,-0.894628,-0.271197,-1.050994,-0.458259,-1.056931,-0.103024,-1.065657,-0.289956,-1.536023,-0.401986,-1.801434,-0.510236,-2.003447,-0.301825,-0.953363,-0.487761,-1.471577,-0.603836,-1.779649,-0.703650,-2.033679,-0.487976,-0.787244,-0.629516,-1.260700,-0.708722,-1.585433,-0.769179,-1.841169,-0.648476,-0.582819,-0.677845,-0.839261,-0.612549,-0.888562,-0.543975,-0.887262,0.000000,0.000000,-0.271164,-0.115457,-0.517842,-0.342737,-0.743091,-0.509645,-0.928567,-0.609930,-0.386229,-0.888671,-0.518312,-1.241151,-0.572654,-1.457164,-0.604114,-1.654864,-0.200027,-0.979790,-0.246029,-1.406943,-0.266884,-1.656562,-0.262824,-1.861421,-0.014512,-0.956640,0.030387,-1.336286,0.054714,-1.566239,0.076281,-1.758652,0.159679,-0.841892,0.242328,-1.119756,0.290010,-1.293442,0.320906,-1.450518
M,Right,1778884553488,0.000000,0.000000,0.064614,-0.457008,-0.067258,-0.842419,-0.316848,-0.955344,-0.519989,-0.954560,-0.071567,-1.073603,-0.268002,-1.514903,-0.386376,-1.768729,-0.503525,-1.961511,-0.261842,-0.965111,-0.465416,-1.465621,-0.587174,-1.759094,-0.694782,-2.004477,-0.442895,-0.800286,-0.599795,-1.266825,-0.683914,-1.592702,-0.756989,-1.860734,-0.598138,-0.591672,-0.638187,-0.847751,-0.563545,-0.815564,-0.482134,-0.736318,0.000000,0.000000,-0.267082,-0.121049,-0.509851,-0.354790,-0.739725,-0.523361,-0.933329,-0.623226,-0.369425,-0.892967,-0.497683,-1.261049,-0.555006,-1.474358,-0.589923,-1.669934,-0.186820,-0.982394,-0.234202,-1.419236,-0.251740,-1.673414,-0.242058,-1.885518,-0.004007,-0.959357,0.039524,-1.344195,0.072554,-1.578368,0.105554,-1.777678,0.168928,-0.842983,0.253520,-1.122168,0.305440,-1.297480,0.343914,-1.457983
M,Right,1778884554744,0.000000,0.000000,0.075034,-0.496179,-0.046959,-0.887035,-0.280260,-0.996212,-0.490352,-0.969395,-0.060704,-1.078501,-0.263211,-1.542806,-0.383276,-1.805693,-0.497133,-2.012074,-0.271584,-0.962415,-0.476694,-1.478173,-0.597019,-1.781464,-0.697809,-2.038264,-0.470700,-0.793550,-0.622751,-1.281849,-0.701991,-1.605962,-0.768531,-1.866037,-0.638793,-0.592180,-0.656058,-0.854179,-0.576913,-0.843537,-0.501418,-0.788114,0.000000,0.000000,-0.274835,-0.114194,-0.526469,-0.343963,-0.751662,-0.510285,-0.936000,-0.611093,-0.393276,-0.877681,-0.526575,-1.235124,-0.584086,-1.447834,-0.618350,-1.641145,-0.211135,-0.977457,-0.261840,-1.410722,-0.281821,-1.661161,-0.275660,-1.870042,-0.027902,-0.960858,0.013309,-1.344891,0.044220,-1.574307,0.073945,-1.771106,0.143978,-0.850173,0.226731,-1.121562,0.277040,-1.290742,0.312051,-1.445567
M,Right,1778884555500,0.000000,0.000000,0.083393,-0.467540,-0.042716,-0.859531,-0.286725,-0.970539,-0.501264,-0.952044,-0.052399,-1.070825,-0.251082,-1.537434,-0.373526,-1.802071,-0.484296,-2.009088,-0.268170,-0.963372,-0.483924,-1.481096,-0.606620,-1.790743,-0.708022,-2.047038,-0.467832,-0.800488,-0.639161,-1.267153,-0.714141,-1.578744,-0.776178,-1.833341,-0.632522,-0.597245,-0.642974,-0.839850,-0.559461,-0.824408,-0.481842,-0.770526,0.000000,0.000000,-0.271311,-0.119242,-0.517893,-0.343212,-0.745674,-0.507069,-0.933539,-0.606054,-0.380082,-0.886350,-0.513330,-1.239459,-0.574485,-1.448638,-0.610847,-1.641423,-0.200201,-0.979755,-0.253202,-1.409514,-0.274670,-1.660629,-0.268058,-1.873511,-0.018390,-0.958176,0.023369,-1.337492,0.052654,-1.571341,0.082259,-1.773450,0.152479,-0.841164,0.234212,-1.114547,0.283175,-1.288609,0.319326,-1.448706
